created_at,updated_at,academic_record_id,student_id,semester_id,academic_year_id,credits_registered,credits_earned,sgpa,cgpa,failed_courses,backlog_courses,semester_result
2026-07-30T14:48:25.643760,2026-07-30T14:48:25.643774,AR000001,ST000001,SEM000007,AY000004,16.0,16.0,9.0,9.0,0,0,PASS
2026-07-30T14:48:25.643814,2026-07-30T14:48:25.643821,AR000002,ST000002,SEM000007,AY000004,16.0,16.0,7.25,7.25,0,0,PASS
2026-07-30T14:48:25.643858,2026-07-30T14:48:25.643864,AR000003,ST000003,SEM000007,AY000004,16.0,0.0,0.0,0.0,4,4,FAIL
2026-07-30T14:48:25.643894,2026-07-30T14:48:25.643900,AR000004,ST000004,SEM000007,AY000004,16.0,16.0,7.5,7.5,0,0,PASS
2026-07-30T14:48:25.643921,2026-07-30T14:48:25.643926,AR000005,ST000005,SEM000007,AY000004,16.0,16.0,8.75,8.75,0,0,PASS
2026-07-30T14:48:25.643948,2026-07-30T14:48:25.643953,AR000006,ST000006,SEM000007,AY000004,16.0,16.0,8.75,8.75,0,0,PASS
2026-07-30T14:48:25.643973,2026-07-30T14:48:25.643978,AR000007,ST000007,SEM000007,AY000004,16.0,16.0,7.75,7.75,0,0,PASS
2026-07-30T14:48:25.643998,2026-07-30T14:48:25.644003,AR000008,ST000008,SEM000007,AY000004,16.0,16.0,7.25,7.25,0,0,PASS
2026-07-30T14:48:25.644024,2026-07-30T14:48:25.644029,AR000009,ST000009,SEM000007,AY000004,16.0,16.0,7.25,7.25,0,0,PASS
2026-07-30T14:48:25.644057,2026-07-30T14:48:25.644063,AR000010,ST000010,SEM000007,AY000004,16.0,16.0,7.5,7.5,0,0,PASS
2026-07-30T14:48:25.644085,2026-07-30T14:48:25.644090,AR000011,ST000011,SEM000007,AY000004,16.0,16.0,4.75,4.75,0,0,PASS
2026-07-30T14:48:25.644114,2026-07-30T14:48:25.644119,AR000012,ST000012,SEM000007,AY000004,16.0,16.0,7.0,7.0,0,0,PASS
2026-07-30T14:48:25.644145,2026-07-30T14:48:25.644151,AR000013,ST000013,SEM000007,AY000004,16.0,16.0,6.5,6.5,0,0,PASS
2026-07-30T14:48:25.644172,2026-07-30T14:48:25.644179,AR000014,ST000014,SEM000007,AY000004,16.0,16.0,7.0,7.0,0,0,PASS
2026-07-30T14:48:25.644210,2026-07-30T14:48:25.644219,AR000015,ST000015,SEM000007,AY000004,16.0,16.0,7.25,7.25,0,0,PASS
2026-07-30T14:48:25.644254,2026-07-30T14:48:25.644261,AR000016,ST000016,SEM000007,AY000004,16.0,16.0,6.0,6.0,0,0,PASS
2026-07-30T14:48:25.644296,2026-07-30T14:48:25.644305,AR000017,ST000017,SEM000007,AY000004,12.0,12.0,8.67,8.67,0,0,PASS
2026-07-30T14:48:25.644338,2026-07-30T14:48:25.644353,AR000018,ST000018,SEM000007,AY000004,16.0,16.0,10.0,10.0,0,0,PASS
2026-07-30T14:48:25.644387,2026-07-30T14:48:25.644394,AR000019,ST000019,SEM000007,AY000004,12.0,12.0,5.0,5.0,0,0,PASS
2026-07-30T14:48:25.644428,2026-07-30T14:48:25.644437,AR000020,ST000020,SEM000007,AY000004,16.0,16.0,7.5,7.5,0,0,PASS
2026-07-30T14:48:25.644474,2026-07-30T14:48:25.644481,AR000021,ST000021,SEM000007,AY000004,16.0,16.0,5.25,5.25,0,0,PASS
2026-07-30T14:48:25.644521,2026-07-30T14:48:25.644529,AR000022,ST000022,SEM000007,AY000004,16.0,16.0,7.75,7.75,0,0,PASS
2026-07-30T14:48:25.644566,2026-07-30T14:48:25.644573,AR000023,ST000023,SEM000007,AY000004,16.0,16.0,10.0,10.0,0,0,PASS
2026-07-30T14:48:25.644595,2026-07-30T14:48:25.644601,AR000024,ST000024,SEM000007,AY000004,16.0,16.0,9.0,9.0,0,0,PASS
2026-07-30T14:48:25.644623,2026-07-30T14:48:25.644631,AR000025,ST000025,SEM000007,AY000004,12.0,0.0,0.0,0.0,3,3,FAIL
2026-07-30T14:48:25.644668,2026-07-30T14:48:25.644676,AR000026,ST000026,SEM000007,AY000004,16.0,16.0,7.25,7.25,0,0,PASS
2026-07-30T14:48:25.644725,2026-07-30T14:48:25.644736,AR000027,ST000027,SEM000007,AY000004,16.0,16.0,10.0,10.0,0,0,PASS
2026-07-30T14:48:25.644787,2026-07-30T14:48:25.644795,AR000028,ST000028,SEM000007,AY000004,16.0,16.0,7.0,7.0,0,0,PASS
2026-07-30T14:48:25.644843,2026-07-30T14:48:25.644852,AR000029,ST000029,SEM000007,AY000004,16.0,16.0,7.5,7.5,0,0,PASS
2026-07-30T14:48:25.644905,2026-07-30T14:48:25.644911,AR000030,ST000030,SEM000007,AY000004,16.0,16.0,9.0,9.0,0,0,PASS
2026-07-30T14:48:25.644933,2026-07-30T14:48:25.644938,AR000031,ST000031,SEM000007,AY000004,16.0,16.0,4.75,4.75,0,0,PASS
2026-07-30T14:48:25.644960,2026-07-30T14:48:25.644964,AR000032,ST000032,SEM000007,AY000004,16.0,16.0,7.75,7.75,0,0,PASS
2026-07-30T14:48:25.644985,2026-07-30T14:48:25.644990,AR000033,ST000033,SEM000007,AY000004,12.0,12.0,6.0,6.0,0,0,PASS
2026-07-30T14:48:25.645010,2026-07-30T14:48:25.645016,AR000034,ST000034,SEM000007,AY000004,12.0,12.0,5.0,5.0,0,0,PASS
2026-07-30T14:48:25.645043,2026-07-30T14:48:25.645050,AR000035,ST000035,SEM000007,AY000004,12.0,12.0,8.67,8.67,0,0,PASS
2026-07-30T14:48:25.645079,2026-07-30T14:48:25.645085,AR000036,ST000036,SEM000007,AY000004,12.0,12.0,6.33,6.33,0,0,PASS
2026-07-30T14:48:25.645111,2026-07-30T14:48:25.645118,AR000037,ST000037,SEM000007,AY000004,16.0,16.0,7.0,7.0,0,0,PASS
2026-07-30T14:48:25.645148,2026-07-30T14:48:25.645153,AR000038,ST000038,SEM000007,AY000004,16.0,16.0,7.0,7.0,0,0,PASS
2026-07-30T14:48:25.645175,2026-07-30T14:48:25.645180,AR000039,ST000039,SEM000007,AY000004,16.0,16.0,9.0,9.0,0,0,PASS
2026-07-30T14:48:25.645204,2026-07-30T14:48:25.645211,AR000040,ST000040,SEM000007,AY000004,16.0,16.0,10.0,10.0,0,0,PASS
2026-07-30T14:48:25.645257,2026-07-30T14:48:25.645266,AR000041,ST000041,SEM000007,AY000004,16.0,16.0,7.0,7.0,0,0,PASS
2026-07-30T14:48:25.645304,2026-07-30T14:48:25.645313,AR000042,ST000042,SEM000007,AY000004,16.0,16.0,6.0,6.0,0,0,PASS
2026-07-30T14:48:25.645351,2026-07-30T14:48:25.645360,AR000043,ST000043,SEM000007,AY000004,16.0,16.0,9.0,9.0,0,0,PASS
2026-07-30T14:48:25.645394,2026-07-30T14:48:25.645401,AR000044,ST000044,SEM000007,AY000004,16.0,16.0,9.0,9.0,0,0,PASS
2026-07-30T14:48:25.645447,2026-07-30T14:48:25.645453,AR000045,ST000045,SEM000007,AY000004,12.0,12.0,7.33,7.33,0,0,PASS
2026-07-30T14:48:25.645474,2026-07-30T14:48:25.645479,AR000046,ST000046,SEM000007,AY000004,16.0,16.0,9.0,9.0,0,0,PASS
2026-07-30T14:48:25.645498,2026-07-30T14:48:25.645503,AR000047,ST000047,SEM000007,AY000004,8.0,8.0,7.0,7.0,0,0,PASS
2026-07-30T14:48:25.645524,2026-07-30T14:48:25.645529,AR000048,ST000048,SEM000007,AY000004,16.0,16.0,7.25,7.25,0,0,PASS
2026-07-30T14:48:25.645549,2026-07-30T14:48:25.645554,AR000049,ST000049,SEM000007,AY000004,16.0,16.0,7.25,7.25,0,0,PASS
2026-07-30T14:48:25.645578,2026-07-30T14:48:25.645583,AR000050,ST000050,SEM000007,AY000004,12.0,12.0,7.67,7.67,0,0,PASS
2026-07-30T14:48:25.645604,2026-07-30T14:48:25.645609,AR000051,ST000051,SEM000007,AY000004,12.0,12.0,4.67,4.67,0,0,PASS
2026-07-30T14:48:25.645636,2026-07-30T14:48:25.645641,AR000052,ST000052,SEM000007,AY000004,16.0,16.0,7.25,7.25,0,0,PASS
2026-07-30T14:48:25.645677,2026-07-30T14:48:25.645682,AR000053,ST000053,SEM000007,AY000004,8.0,8.0,7.5,7.5,0,0,PASS
2026-07-30T14:48:25.645723,2026-07-30T14:48:25.645731,AR000054,ST000054,SEM000007,AY000004,16.0,16.0,7.0,7.0,0,0,PASS
2026-07-30T14:48:25.645764,2026-07-30T14:48:25.645770,AR000055,ST000055,SEM000007,AY000004,16.0,16.0,8.75,8.75,0,0,PASS
2026-07-30T14:48:25.645802,2026-07-30T14:48:25.645806,AR000056,ST000056,SEM000007,AY000004,16.0,16.0,7.0,7.0,0,0,PASS
2026-07-30T14:48:25.645819,2026-07-30T14:48:25.645822,AR000057,ST000057,SEM000007,AY000004,12.0,12.0,9.0,9.0,0,0,PASS
2026-07-30T14:48:25.645835,2026-07-30T14:48:25.645838,AR000058,ST000058,SEM000007,AY000004,16.0,16.0,8.5,8.5,0,0,PASS
2026-07-30T14:48:25.645850,2026-07-30T14:48:25.645852,AR000059,ST000059,SEM000007,AY000004,12.0,12.0,7.33,7.33,0,0,PASS
2026-07-30T14:48:25.645864,2026-07-30T14:48:25.645867,AR000060,ST000060,SEM000007,AY000004,16.0,16.0,9.0,9.0,0,0,PASS
2026-07-30T14:48:25.645879,2026-07-30T14:48:25.645881,AR000061,ST000061,SEM000007,AY000004,16.0,16.0,7.5,7.5,0,0,PASS
2026-07-30T14:48:25.645893,2026-07-30T14:48:25.645895,AR000062,ST000062,SEM000007,AY000004,16.0,16.0,10.0,10.0,0,0,PASS
2026-07-30T14:48:25.645908,2026-07-30T14:48:25.645910,AR000063,ST000063,SEM000007,AY000004,16.0,16.0,7.25,7.25,0,0,PASS
2026-07-30T14:48:25.645922,2026-07-30T14:48:25.645924,AR000064,ST000064,SEM000007,AY000004,16.0,16.0,7.5,7.5,0,0,PASS
2026-07-30T14:48:25.645936,2026-07-30T14:48:25.645939,AR000065,ST000065,SEM000007,AY000004,16.0,16.0,7.0,7.0,0,0,PASS
2026-07-30T14:48:25.645956,2026-07-30T14:48:25.645960,AR000066,ST000066,SEM000007,AY000004,12.0,12.0,6.33,6.33,0,0,PASS
2026-07-30T14:48:25.645972,2026-07-30T14:48:25.645975,AR000067,ST000067,SEM000007,AY000004,16.0,16.0,7.25,7.25,0,0,PASS
2026-07-30T14:48:25.645986,2026-07-30T14:48:25.645989,AR000068,ST000068,SEM000007,AY000004,8.0,8.0,6.5,6.5,0,0,PASS
2026-07-30T14:48:25.646000,2026-07-30T14:48:25.646003,AR000069,ST000069,SEM000007,AY000004,16.0,16.0,9.0,9.0,0,0,PASS
2026-07-30T14:48:25.646019,2026-07-30T14:48:25.646023,AR000070,ST000070,SEM000007,AY000004,16.0,16.0,8.75,8.75,0,0,PASS
2026-07-30T14:48:25.646035,2026-07-30T14:48:25.646037,AR000071,ST000071,SEM000007,AY000004,16.0,16.0,8.75,8.75,0,0,PASS
2026-07-30T14:48:25.646049,2026-07-30T14:48:25.646051,AR000072,ST000072,SEM000007,AY000004,16.0,16.0,7.5,7.5,0,0,PASS
2026-07-30T14:48:25.646063,2026-07-30T14:48:25.646066,AR000073,ST000073,SEM000007,AY000004,16.0,16.0,10.0,10.0,0,0,PASS
2026-07-30T14:48:25.646078,2026-07-30T14:48:25.646081,AR000074,ST000074,SEM000007,AY000004,16.0,16.0,7.25,7.25,0,0,PASS
2026-07-30T14:48:25.646092,2026-07-30T14:48:25.646095,AR000075,ST000075,SEM000007,AY000004,8.0,8.0,6.0,6.0,0,0,PASS
2026-07-30T14:48:25.646106,2026-07-30T14:48:25.646109,AR000076,ST000076,SEM000007,AY000004,16.0,16.0,7.75,7.75,0,0,PASS
2026-07-30T14:48:25.646124,2026-07-30T14:48:25.646127,AR000077,ST000077,SEM000007,AY000004,16.0,16.0,10.0,10.0,0,0,PASS
2026-07-30T14:48:25.646140,2026-07-30T14:48:25.646143,AR000078,ST000078,SEM000007,AY000004,12.0,12.0,6.67,6.67,0,0,PASS
2026-07-30T14:48:25.646155,2026-07-30T14:48:25.646157,AR000079,ST000079,SEM000007,AY000004,12.0,12.0,7.0,7.0,0,0,PASS
2026-07-30T14:48:25.646169,2026-07-30T14:48:25.646172,AR000080,ST000080,SEM000007,AY000004,16.0,16.0,7.5,7.5,0,0,PASS
2026-07-30T14:48:25.646183,2026-07-30T14:48:25.646186,AR000081,ST000081,SEM000007,AY000004,16.0,16.0,7.5,7.5,0,0,PASS
2026-07-30T14:48:25.646197,2026-07-30T14:48:25.646200,AR000082,ST000082,SEM000007,AY000004,12.0,12.0,6.33,6.33,0,0,PASS
2026-07-30T14:48:25.646215,2026-07-30T14:48:25.646218,AR000083,ST000083,SEM000007,AY000004,16.0,16.0,7.0,7.0,0,0,PASS
2026-07-30T14:48:25.646230,2026-07-30T14:48:25.646233,AR000084,ST000084,SEM000007,AY000004,16.0,16.0,10.0,10.0,0,0,PASS
2026-07-30T14:48:25.646244,2026-07-30T14:48:25.646247,AR000085,ST000085,SEM000007,AY000004,16.0,16.0,10.0,10.0,0,0,PASS
2026-07-30T14:48:25.646262,2026-07-30T14:48:25.646265,AR000086,ST000086,SEM000007,AY000004,16.0,16.0,7.5,7.5,0,0,PASS
2026-07-30T14:48:25.646277,2026-07-30T14:48:25.646279,AR000087,ST000087,SEM000007,AY000004,16.0,16.0,9.0,9.0,0,0,PASS
2026-07-30T14:48:25.646291,2026-07-30T14:48:25.646293,AR000088,ST000088,SEM000007,AY000004,16.0,16.0,7.5,7.5,0,0,PASS
2026-07-30T14:48:25.646306,2026-07-30T14:48:25.646308,AR000089,ST000089,SEM000007,AY000004,16.0,16.0,7.25,7.25,0,0,PASS
2026-07-30T14:48:25.646320,2026-07-30T14:48:25.646323,AR000090,ST000090,SEM000007,AY000004,16.0,16.0,5.25,5.25,0,0,PASS
2026-07-30T14:48:25.646334,2026-07-30T14:48:25.646337,AR000091,ST000091,SEM000007,AY000004,16.0,16.0,6.0,6.0,0,0,PASS
2026-07-30T14:48:25.646348,2026-07-30T14:48:25.646351,AR000092,ST000092,SEM000007,AY000004,16.0,16.0,7.0,7.0,0,0,PASS
2026-07-30T14:48:25.646363,2026-07-30T14:48:25.646365,AR000093,ST000093,SEM000007,AY000004,16.0,16.0,9.0,9.0,0,0,PASS
2026-07-30T14:48:25.646397,2026-07-30T14:48:25.646400,AR000094,ST000094,SEM000007,AY000004,16.0,16.0,7.0,7.0,0,0,PASS
2026-07-30T14:48:25.646415,2026-07-30T14:48:25.646418,AR000095,ST000095,SEM000007,AY000004,16.0,16.0,7.25,7.25,0,0,PASS
2026-07-30T14:48:25.646443,2026-07-30T14:48:25.646456,AR000096,ST000096,SEM000007,AY000004,16.0,16.0,6.5,6.5,0,0,PASS
2026-07-30T14:48:25.646467,2026-07-30T14:48:25.646470,AR000097,ST000097,SEM000007,AY000004,16.0,16.0,7.0,7.0,0,0,PASS
2026-07-30T14:48:25.646481,2026-07-30T14:48:25.646484,AR000098,ST000098,SEM000007,AY000004,12.0,12.0,5.0,5.0,0,0,PASS
2026-07-30T14:48:25.646494,2026-07-30T14:48:25.646497,AR000099,ST000099,SEM000007,AY000004,16.0,16.0,6.75,6.75,0,0,PASS
2026-07-30T14:48:25.646509,2026-07-30T14:48:25.646511,AR000100,ST000100,SEM000007,AY000004,16.0,16.0,10.0,10.0,0,0,PASS
2026-07-30T14:48:25.646522,2026-07-30T14:48:25.646525,AR000101,ST000101,SEM000007,AY000004,16.0,16.0,7.25,7.25,0,0,PASS
2026-07-30T14:48:25.646536,2026-07-30T14:48:25.646539,AR000102,ST000102,SEM000007,AY000004,16.0,16.0,10.0,10.0,0,0,PASS
2026-07-30T14:48:25.646550,2026-07-30T14:48:25.646552,AR000103,ST000103,SEM000007,AY000004,12.0,12.0,7.33,7.33,0,0,PASS
2026-07-30T14:48:25.646563,2026-07-30T14:48:25.646566,AR000104,ST000104,SEM000007,AY000004,12.0,12.0,7.0,7.0,0,0,PASS
2026-07-30T14:48:25.646577,2026-07-30T14:48:25.646580,AR000105,ST000105,SEM000007,AY000004,16.0,16.0,7.25,7.25,0,0,PASS
2026-07-30T14:48:25.646591,2026-07-30T14:48:25.646594,AR000106,ST000106,SEM000007,AY000004,16.0,16.0,9.0,9.0,0,0,PASS
2026-07-30T14:48:25.646606,2026-07-30T14:48:25.646608,AR000107,ST000107,SEM000007,AY000004,12.0,0.0,0.0,0.0,3,3,FAIL
2026-07-30T14:48:25.646620,2026-07-30T14:48:25.646623,AR000108,ST000108,SEM000007,AY000004,16.0,16.0,7.5,7.5,0,0,PASS
2026-07-30T14:48:25.646637,2026-07-30T14:48:25.646640,AR000109,ST000109,SEM000007,AY000004,16.0,16.0,7.25,7.25,0,0,PASS
2026-07-30T14:48:25.646653,2026-07-30T14:48:25.646656,AR000110,ST000110,SEM000007,AY000004,16.0,16.0,7.75,7.75,0,0,PASS
2026-07-30T14:48:25.646667,2026-07-30T14:48:25.646670,AR000111,ST000111,SEM000007,AY000004,16.0,16.0,7.25,7.25,0,0,PASS
2026-07-30T14:48:25.646680,2026-07-30T14:48:25.646683,AR000112,ST000112,SEM000007,AY000004,12.0,12.0,7.33,7.33,0,0,PASS
2026-07-30T14:48:25.646721,2026-07-30T14:48:25.646730,AR000113,ST000113,SEM000007,AY000004,16.0,16.0,10.0,10.0,0,0,PASS
2026-07-30T14:48:25.646765,2026-07-30T14:48:25.646767,AR000114,ST000114,SEM000007,AY000004,16.0,16.0,7.5,7.5,0,0,PASS
2026-07-30T14:48:25.646795,2026-07-30T14:48:25.646802,AR000115,ST000115,SEM000007,AY000004,16.0,16.0,6.25,6.25,0,0,PASS
2026-07-30T14:48:25.646836,2026-07-30T14:48:25.646840,AR000116,ST000116,SEM000007,AY000004,16.0,16.0,7.25,7.25,0,0,PASS
2026-07-30T14:48:25.646852,2026-07-30T14:48:25.646855,AR000117,ST000117,SEM000007,AY000004,16.0,16.0,5.5,5.5,0,0,PASS
2026-07-30T14:48:25.646867,2026-07-30T14:48:25.646869,AR000118,ST000118,SEM000007,AY000004,16.0,16.0,7.0,7.0,0,0,PASS
2026-07-30T14:48:25.646880,2026-07-30T14:48:25.646883,AR000119,ST000119,SEM000007,AY000004,16.0,16.0,5.5,5.5,0,0,PASS
2026-07-30T14:48:25.646895,2026-07-30T14:48:25.646902,AR000120,ST000120,SEM000007,AY000004,8.0,0.0,0.0,0.0,2,2,PROMOTED
2026-07-30T14:48:25.646915,2026-07-30T14:48:25.646918,AR000121,ST000121,SEM000007,AY000004,12.0,12.0,8.67,8.67,0,0,PASS
2026-07-30T14:48:25.646944,2026-07-30T14:48:25.646952,AR000122,ST000122,SEM000007,AY000004,12.0,12.0,7.0,7.0,0,0,PASS
2026-07-30T14:48:25.646984,2026-07-30T14:48:25.646991,AR000123,ST000123,SEM000007,AY000004,16.0,16.0,7.5,7.5,0,0,PASS
2026-07-30T14:48:25.647004,2026-07-30T14:48:25.647007,AR000124,ST000124,SEM000007,AY000004,16.0,16.0,8.75,8.75,0,0,PASS
2026-07-30T14:48:25.647022,2026-07-30T14:48:25.647025,AR000125,ST000125,SEM000007,AY000004,12.0,12.0,9.0,9.0,0,0,PASS
2026-07-30T14:48:25.647036,2026-07-30T14:48:25.647039,AR000126,ST000126,SEM000007,AY000004,12.0,12.0,7.67,7.67,0,0,PASS
2026-07-30T14:48:25.647050,2026-07-30T14:48:25.647052,AR000127,ST000127,SEM000007,AY000004,16.0,16.0,7.0,7.0,0,0,PASS
2026-07-30T14:48:25.647064,2026-07-30T14:48:25.647066,AR000128,ST000128,SEM000007,AY000004,16.0,16.0,6.5,6.5,0,0,PASS
2026-07-30T14:48:25.647077,2026-07-30T14:48:25.647080,AR000129,ST000129,SEM000007,AY000004,16.0,16.0,5.5,5.5,0,0,PASS
2026-07-30T14:48:25.647092,2026-07-30T14:48:25.647094,AR000130,ST000130,SEM000007,AY000004,16.0,16.0,8.75,8.75,0,0,PASS
2026-07-30T14:48:25.647105,2026-07-30T14:48:25.647108,AR000131,ST000131,SEM000007,AY000004,12.0,12.0,7.33,7.33,0,0,PASS
2026-07-30T14:48:25.647119,2026-07-30T14:48:25.647121,AR000132,ST000132,SEM000007,AY000004,16.0,16.0,7.5,7.5,0,0,PASS
2026-07-30T14:48:25.647133,2026-07-30T14:48:25.647135,AR000133,ST000133,SEM000007,AY000004,16.0,16.0,7.5,7.5,0,0,PASS
2026-07-30T14:48:25.647146,2026-07-30T14:48:25.647149,AR000134,ST000134,SEM000007,AY000004,8.0,0.0,0.0,0.0,2,2,PROMOTED
2026-07-30T14:48:25.647160,2026-07-30T14:48:25.647163,AR000135,ST000135,SEM000007,AY000004,16.0,16.0,8.5,8.5,0,0,PASS
2026-07-30T14:48:25.647173,2026-07-30T14:48:25.647176,AR000136,ST000136,SEM000007,AY000004,16.0,16.0,9.0,9.0,0,0,PASS
2026-07-30T14:48:25.647188,2026-07-30T14:48:25.647191,AR000137,ST000137,SEM000007,AY000004,16.0,16.0,5.25,5.25,0,0,PASS
2026-07-30T14:48:25.647202,2026-07-30T14:48:25.647205,AR000138,ST000138,SEM000007,AY000004,16.0,16.0,7.25,7.25,0,0,PASS
2026-07-30T14:48:25.647219,2026-07-30T14:48:25.647222,AR000139,ST000139,SEM000007,AY000004,16.0,16.0,7.5,7.5,0,0,PASS
2026-07-30T14:48:25.647233,2026-07-30T14:48:25.647236,AR000140,ST000140,SEM000007,AY000004,16.0,16.0,8.75,8.75,0,0,PASS
2026-07-30T14:48:25.647258,2026-07-30T14:48:25.647261,AR000141,ST000141,SEM000007,AY000004,16.0,16.0,7.5,7.5,0,0,PASS
2026-07-30T14:48:25.647272,2026-07-30T14:48:25.647274,AR000142,ST000142,SEM000007,AY000004,16.0,16.0,10.0,10.0,0,0,PASS
2026-07-30T14:48:25.647285,2026-07-30T14:48:25.647288,AR000143,ST000143,SEM000007,AY000004,16.0,16.0,7.25,7.25,0,0,PASS
2026-07-30T14:48:25.647299,2026-07-30T14:48:25.647301,AR000144,ST000144,SEM000007,AY000004,16.0,16.0,7.5,7.5,0,0,PASS
2026-07-30T14:48:25.647312,2026-07-30T14:48:25.647314,AR000145,ST000145,SEM000007,AY000004,16.0,16.0,8.75,8.75,0,0,PASS
2026-07-30T14:48:25.647329,2026-07-30T14:48:25.647331,AR000146,ST000146,SEM000007,AY000004,16.0,16.0,9.0,9.0,0,0,PASS
2026-07-30T14:48:25.647342,2026-07-30T14:48:25.647345,AR000147,ST000147,SEM000007,AY000004,16.0,16.0,7.25,7.25,0,0,PASS
2026-07-30T14:48:25.647373,2026-07-30T14:48:25.647375,AR000148,ST000148,SEM000007,AY000004,12.0,12.0,5.67,5.67,0,0,PASS
2026-07-30T14:48:25.647387,2026-07-30T14:48:25.647390,AR000149,ST000149,SEM000007,AY000004,16.0,16.0,8.75,8.75,0,0,PASS
2026-07-30T14:48:25.647403,2026-07-30T14:48:25.647406,AR000150,ST000150,SEM000007,AY000004,16.0,16.0,9.0,9.0,0,0,PASS
2026-07-30T14:48:25.647420,2026-07-30T14:48:25.647423,AR000151,ST000151,SEM000007,AY000004,16.0,16.0,7.25,7.25,0,0,PASS
2026-07-30T14:48:25.647435,2026-07-30T14:48:25.647438,AR000152,ST000152,SEM000007,AY000004,16.0,16.0,8.5,8.5,0,0,PASS
2026-07-30T14:48:25.647449,2026-07-30T14:48:25.647452,AR000153,ST000153,SEM000007,AY000004,12.0,12.0,6.33,6.33,0,0,PASS
2026-07-30T14:48:25.647463,2026-07-30T14:48:25.647466,AR000154,ST000154,SEM000007,AY000004,16.0,16.0,8.5,8.5,0,0,PASS
2026-07-30T14:48:25.647477,2026-07-30T14:48:25.647480,AR000155,ST000155,SEM000007,AY000004,12.0,12.0,5.33,5.33,0,0,PASS
2026-07-30T14:48:25.647491,2026-07-30T14:48:25.647494,AR000156,ST000156,SEM000007,AY000004,16.0,16.0,8.75,8.75,0,0,PASS
2026-07-30T14:48:25.647505,2026-07-30T14:48:25.647508,AR000157,ST000157,SEM000007,AY000004,8.0,4.0,2.0,2.0,1,1,PROMOTED
2026-07-30T14:48:25.647519,2026-07-30T14:48:25.647522,AR000158,ST000158,SEM000007,AY000004,16.0,16.0,5.75,5.75,0,0,PASS
2026-07-30T14:48:25.647534,2026-07-30T14:48:25.647536,AR000159,ST000159,SEM000007,AY000004,16.0,16.0,7.5,7.5,0,0,PASS
2026-07-30T14:48:25.647548,2026-07-30T14:48:25.647551,AR000160,ST000160,SEM000007,AY000004,16.0,16.0,7.25,7.25,0,0,PASS
2026-07-30T14:48:25.647563,2026-07-30T14:48:25.647566,AR000161,ST000161,SEM000007,AY000004,12.0,12.0,5.0,5.0,0,0,PASS
2026-07-30T14:48:25.647577,2026-07-30T14:48:25.647580,AR000162,ST000162,SEM000007,AY000004,16.0,16.0,7.25,7.25,0,0,PASS
2026-07-30T14:48:25.647592,2026-07-30T14:48:25.647594,AR000163,ST000163,SEM000007,AY000004,16.0,12.0,3.25,3.25,1,1,PROMOTED
2026-07-30T14:48:25.647605,2026-07-30T14:48:25.647608,AR000164,ST000164,SEM000007,AY000004,12.0,12.0,7.67,7.67,0,0,PASS
2026-07-30T14:48:25.647620,2026-07-30T14:48:25.647622,AR000165,ST000165,SEM000007,AY000004,16.0,16.0,7.5,7.5,0,0,PASS
2026-07-30T14:48:25.647634,2026-07-30T14:48:25.647636,AR000166,ST000166,SEM000007,AY000004,16.0,16.0,7.75,7.75,0,0,PASS
2026-07-30T14:48:25.647648,2026-07-30T14:48:25.647651,AR000167,ST000167,SEM000007,AY000004,16.0,0.0,0.0,0.0,4,4,FAIL
2026-07-30T14:48:25.647666,2026-07-30T14:48:25.647669,AR000168,ST000168,SEM000007,AY000004,12.0,12.0,6.67,6.67,0,0,PASS
2026-07-30T14:48:25.647681,2026-07-30T14:48:25.647683,AR000169,ST000169,SEM000007,AY000004,16.0,16.0,9.0,9.0,0,0,PASS
2026-07-30T14:48:25.647695,2026-07-30T14:48:25.647710,AR000170,ST000170,SEM000007,AY000004,16.0,16.0,8.25,8.25,0,0,PASS
2026-07-30T14:48:25.647734,2026-07-30T14:48:25.647738,AR000171,ST000171,SEM000007,AY000004,12.0,12.0,7.33,7.33,0,0,PASS
2026-07-30T14:48:25.647755,2026-07-30T14:48:25.647758,AR000172,ST000172,SEM000007,AY000004,16.0,16.0,7.25,7.25,0,0,PASS
2026-07-30T14:48:25.647774,2026-07-30T14:48:25.647777,AR000173,ST000173,SEM000007,AY000004,16.0,16.0,7.5,7.5,0,0,PASS
2026-07-30T14:48:25.647789,2026-07-30T14:48:25.647792,AR000174,ST000174,SEM000007,AY000004,16.0,16.0,8.75,8.75,0,0,PASS
2026-07-30T14:48:25.647803,2026-07-30T14:48:25.647806,AR000175,ST000175,SEM000007,AY000004,16.0,16.0,9.0,9.0,0,0,PASS
2026-07-30T14:48:25.647818,2026-07-30T14:48:25.647820,AR000176,ST000176,SEM000007,AY000004,16.0,16.0,7.0,7.0,0,0,PASS
2026-07-30T14:48:25.647832,2026-07-30T14:48:25.647834,AR000177,ST000177,SEM000007,AY000004,16.0,16.0,9.0,9.0,0,0,PASS
2026-07-30T14:48:25.647846,2026-07-30T14:48:25.647849,AR000178,ST000178,SEM000007,AY000004,12.0,12.0,7.33,7.33,0,0,PASS
2026-07-30T14:48:25.647863,2026-07-30T14:48:25.647866,AR000179,ST000179,SEM000007,AY000004,16.0,16.0,8.5,8.5,0,0,PASS
2026-07-30T14:48:25.647879,2026-07-30T14:48:25.647881,AR000180,ST000180,SEM000007,AY000004,16.0,16.0,10.0,10.0,0,0,PASS
2026-07-30T14:48:25.647893,2026-07-30T14:48:25.647896,AR000181,ST000181,SEM000007,AY000004,16.0,16.0,7.5,7.5,0,0,PASS
2026-07-30T14:48:25.647907,2026-07-30T14:48:25.647910,AR000182,ST000182,SEM000007,AY000004,16.0,16.0,7.5,7.5,0,0,PASS
2026-07-30T14:48:25.647922,2026-07-30T14:48:25.647924,AR000183,ST000183,SEM000007,AY000004,16.0,16.0,10.0,10.0,0,0,PASS
2026-07-30T14:48:25.647936,2026-07-30T14:48:25.647939,AR000184,ST000184,SEM000007,AY000004,16.0,16.0,6.75,6.75,0,0,PASS
2026-07-30T14:48:25.647950,2026-07-30T14:48:25.647953,AR000185,ST000185,SEM000007,AY000004,16.0,16.0,7.25,7.25,0,0,PASS
2026-07-30T14:48:25.647966,2026-07-30T14:48:25.647969,AR000186,ST000186,SEM000007,AY000004,16.0,0.0,0.0,0.0,4,4,FAIL
2026-07-30T14:48:25.647982,2026-07-30T14:48:25.647985,AR000187,ST000187,SEM000007,AY000004,16.0,16.0,7.25,7.25,0,0,PASS
2026-07-30T14:48:25.647997,2026-07-30T14:48:25.648000,AR000188,ST000188,SEM000007,AY000004,16.0,16.0,7.5,7.5,0,0,PASS
2026-07-30T14:48:25.648012,2026-07-30T14:48:25.648015,AR000189,ST000189,SEM000007,AY000004,16.0,16.0,4.75,4.75,0,0,PASS
2026-07-30T14:48:25.648026,2026-07-30T14:48:25.648029,AR000190,ST000190,SEM000007,AY000004,16.0,16.0,7.25,7.25,0,0,PASS
2026-07-30T14:48:25.648040,2026-07-30T14:48:25.648043,AR000191,ST000191,SEM000007,AY000004,16.0,16.0,6.75,6.75,0,0,PASS
2026-07-30T14:48:25.648055,2026-07-30T14:48:25.648057,AR000192,ST000192,SEM000007,AY000004,16.0,16.0,7.0,7.0,0,0,PASS
2026-07-30T14:48:25.648069,2026-07-30T14:48:25.648072,AR000193,ST000193,SEM000007,AY000004,16.0,4.0,1.0,1.0,3,3,FAIL
2026-07-30T14:48:25.648084,2026-07-30T14:48:25.648086,AR000194,ST000194,SEM000007,AY000004,16.0,16.0,10.0,10.0,0,0,PASS
2026-07-30T14:48:25.648098,2026-07-30T14:48:25.648101,AR000195,ST000195,SEM000007,AY000004,16.0,16.0,7.25,7.25,0,0,PASS
2026-07-30T14:48:25.648112,2026-07-30T14:48:25.648115,AR000196,ST000196,SEM000007,AY000004,16.0,16.0,7.25,7.25,0,0,PASS
2026-07-30T14:48:25.648130,2026-07-30T14:48:25.648133,AR000197,ST000197,SEM000007,AY000004,16.0,16.0,9.0,9.0,0,0,PASS
2026-07-30T14:48:25.648145,2026-07-30T14:48:25.648148,AR000198,ST000198,SEM000007,AY000004,16.0,16.0,8.5,8.5,0,0,PASS
2026-07-30T14:48:25.648160,2026-07-30T14:48:25.648163,AR000199,ST000199,SEM000007,AY000004,16.0,16.0,8.75,8.75,0,0,PASS
2026-07-30T14:48:25.648174,2026-07-30T14:48:25.648177,AR000200,ST000200,SEM000007,AY000004,16.0,16.0,7.25,7.25,0,0,PASS
2026-07-30T14:48:25.648188,2026-07-30T14:48:25.648191,AR000201,ST000201,SEM000007,AY000004,12.0,12.0,4.67,4.67,0,0,PASS
2026-07-30T14:48:25.648203,2026-07-30T14:48:25.648206,AR000202,ST000202,SEM000007,AY000004,16.0,16.0,7.25,7.25,0,0,PASS
2026-07-30T14:48:25.648217,2026-07-30T14:48:25.648220,AR000203,ST000203,SEM000007,AY000004,12.0,12.0,6.0,6.0,0,0,PASS
2026-07-30T14:48:25.648232,2026-07-30T14:48:25.648234,AR000204,ST000204,SEM000007,AY000004,16.0,16.0,7.25,7.25,0,0,PASS
2026-07-30T14:48:25.648249,2026-07-30T14:48:25.648252,AR000205,ST000205,SEM000007,AY000004,16.0,16.0,7.0,7.0,0,0,PASS
2026-07-30T14:48:25.648264,2026-07-30T14:48:25.648267,AR000206,ST000206,SEM000007,AY000004,16.0,16.0,10.0,10.0,0,0,PASS
2026-07-30T14:48:25.648281,2026-07-30T14:48:25.648284,AR000207,ST000207,SEM000007,AY000004,16.0,16.0,6.25,6.25,0,0,PASS
2026-07-30T14:48:25.648296,2026-07-30T14:48:25.648299,AR000208,ST000208,SEM000007,AY000004,16.0,16.0,4.75,4.75,0,0,PASS
2026-07-30T14:48:25.648310,2026-07-30T14:48:25.648313,AR000209,ST000209,SEM000007,AY000004,16.0,16.0,9.0,9.0,0,0,PASS
2026-07-30T14:48:25.648324,2026-07-30T14:48:25.648327,AR000210,ST000210,SEM000007,AY000004,12.0,12.0,6.33,6.33,0,0,PASS
2026-07-30T14:48:25.648342,2026-07-30T14:48:25.648345,AR000211,ST000211,SEM000007,AY000004,16.0,16.0,9.0,9.0,0,0,PASS
2026-07-30T14:48:25.648357,2026-07-30T14:48:25.648360,AR000212,ST000212,SEM000007,AY000004,12.0,0.0,0.0,0.0,3,3,FAIL
2026-07-30T14:48:25.648372,2026-07-30T14:48:25.648374,AR000213,ST000213,SEM000007,AY000004,16.0,16.0,10.0,10.0,0,0,PASS
2026-07-30T14:48:25.648386,2026-07-30T14:48:25.648389,AR000214,ST000214,SEM000007,AY000004,16.0,16.0,10.0,10.0,0,0,PASS
2026-07-30T14:48:25.648400,2026-07-30T14:48:25.648403,AR000215,ST000215,SEM000007,AY000004,12.0,12.0,7.0,7.0,0,0,PASS
2026-07-30T14:48:25.648431,2026-07-30T14:48:25.648434,AR000216,ST000216,SEM000007,AY000004,16.0,16.0,7.0,7.0,0,0,PASS
2026-07-30T14:48:25.648445,2026-07-30T14:48:25.648447,AR000217,ST000217,SEM000007,AY000004,12.0,8.0,3.67,3.67,1,1,PROMOTED
2026-07-30T14:48:25.648458,2026-07-30T14:48:25.648461,AR000218,ST000218,SEM000007,AY000004,16.0,16.0,7.75,7.75,0,0,PASS
2026-07-30T14:48:25.648472,2026-07-30T14:48:25.648474,AR000219,ST000219,SEM000007,AY000004,16.0,16.0,7.25,7.25,0,0,PASS
2026-07-30T14:48:25.648485,2026-07-30T14:48:25.648488,AR000220,ST000220,SEM000007,AY000004,16.0,16.0,8.75,8.75,0,0,PASS
2026-07-30T14:48:25.648499,2026-07-30T14:48:25.648502,AR000221,ST000221,SEM000007,AY000004,16.0,16.0,10.0,10.0,0,0,PASS
2026-07-30T14:48:25.648513,2026-07-30T14:48:25.648519,AR000222,ST000222,SEM000007,AY000004,16.0,16.0,9.0,9.0,0,0,PASS
2026-07-30T14:48:25.648531,2026-07-30T14:48:25.648533,AR000223,ST000223,SEM000007,AY000004,16.0,16.0,9.0,9.0,0,0,PASS
2026-07-30T14:48:25.648544,2026-07-30T14:48:25.648547,AR000224,ST000224,SEM000007,AY000004,12.0,8.0,3.0,3.0,1,1,PROMOTED
2026-07-30T14:48:25.648558,2026-07-30T14:48:25.648561,AR000225,ST000225,SEM000007,AY000004,16.0,16.0,7.0,7.0,0,0,PASS
2026-07-30T14:48:25.648572,2026-07-30T14:48:25.648574,AR000226,ST000226,SEM000007,AY000004,16.0,16.0,8.75,8.75,0,0,PASS
2026-07-30T14:48:25.648585,2026-07-30T14:48:25.648588,AR000227,ST000227,SEM000007,AY000004,16.0,16.0,8.5,8.5,0,0,PASS
2026-07-30T14:48:25.648599,2026-07-30T14:48:25.648602,AR000228,ST000228,SEM000007,AY000004,16.0,16.0,5.5,5.5,0,0,PASS
2026-07-30T14:48:25.648613,2026-07-30T14:48:25.648616,AR000229,ST000229,SEM000007,AY000004,16.0,16.0,10.0,10.0,0,0,PASS
2026-07-30T14:48:25.648627,2026-07-30T14:48:25.648629,AR000230,ST000230,SEM000007,AY000004,12.0,0.0,0.0,0.0,3,3,FAIL
2026-07-30T14:48:25.648640,2026-07-30T14:48:25.648643,AR000231,ST000231,SEM000007,AY000004,16.0,16.0,7.25,7.25,0,0,PASS
2026-07-30T14:48:25.648654,2026-07-30T14:48:25.648657,AR000232,ST000232,SEM000007,AY000004,16.0,16.0,9.0,9.0,0,0,PASS
2026-07-30T14:48:25.648668,2026-07-30T14:48:25.648670,AR000233,ST000233,SEM000007,AY000004,16.0,16.0,7.5,7.5,0,0,PASS
2026-07-30T14:48:25.648682,2026-07-30T14:48:25.648685,AR000234,ST000234,SEM000007,AY000004,12.0,12.0,5.67,5.67,0,0,PASS
2026-07-30T14:48:25.648696,2026-07-30T14:48:25.648709,AR000235,ST000235,SEM000007,AY000004,16.0,16.0,10.0,10.0,0,0,PASS
2026-07-30T14:48:25.648729,2026-07-30T14:48:25.648733,AR000236,ST000236,SEM000007,AY000004,16.0,16.0,7.75,7.75,0,0,PASS
2026-07-30T14:48:25.648748,2026-07-30T14:48:25.648752,AR000237,ST000237,SEM000007,AY000004,16.0,16.0,10.0,10.0,0,0,PASS
2026-07-30T14:48:25.648765,2026-07-30T14:48:25.648768,AR000238,ST000238,SEM000007,AY000004,12.0,12.0,7.0,7.0,0,0,PASS
2026-07-30T14:48:25.648781,2026-07-30T14:48:25.648784,AR000239,ST000239,SEM000007,AY000004,12.0,12.0,7.0,7.0,0,0,PASS
2026-07-30T14:48:25.648795,2026-07-30T14:48:25.648797,AR000240,ST000240,SEM000007,AY000004,16.0,16.0,7.25,7.25,0,0,PASS
2026-07-30T14:48:25.648809,2026-07-30T14:48:25.648811,AR000241,ST000241,SEM000007,AY000004,16.0,16.0,7.25,7.25,0,0,PASS
2026-07-30T14:48:25.648822,2026-07-30T14:48:25.648825,AR000242,ST000242,SEM000007,AY000004,16.0,16.0,6.5,6.5,0,0,PASS
2026-07-30T14:48:25.648836,2026-07-30T14:48:25.648839,AR000243,ST000243,SEM000007,AY000004,16.0,16.0,9.0,9.0,0,0,PASS
2026-07-30T14:48:25.648850,2026-07-30T14:48:25.648852,AR000244,ST000244,SEM000007,AY000004,16.0,16.0,7.5,7.5,0,0,PASS
2026-07-30T14:48:25.648863,2026-07-30T14:48:25.648866,AR000245,ST000245,SEM000007,AY000004,16.0,16.0,8.75,8.75,0,0,PASS
2026-07-30T14:48:25.648877,2026-07-30T14:48:25.648879,AR000246,ST000246,SEM000007,AY000004,16.0,16.0,6.5,6.5,0,0,PASS
2026-07-30T14:48:25.648890,2026-07-30T14:48:25.648893,AR000247,ST000247,SEM000007,AY000004,16.0,16.0,8.75,8.75,0,0,PASS
2026-07-30T14:48:25.648910,2026-07-30T14:48:25.648913,AR000248,ST000248,SEM000007,AY000004,16.0,16.0,7.5,7.5,0,0,PASS
2026-07-30T14:48:25.648924,2026-07-30T14:48:25.648927,AR000249,ST000249,SEM000007,AY000004,16.0,16.0,8.5,8.5,0,0,PASS
2026-07-30T14:48:25.648938,2026-07-30T14:48:25.648941,AR000250,ST000250,SEM000007,AY000004,16.0,16.0,10.0,10.0,0,0,PASS
2026-07-30T14:48:25.648952,2026-07-30T14:48:25.648955,AR000251,ST000251,SEM000007,AY000004,16.0,16.0,8.0,8.0,0,0,PASS
2026-07-30T14:48:25.648966,2026-07-30T14:48:25.648969,AR000252,ST000252,SEM000007,AY000004,16.0,16.0,7.25,7.25,0,0,PASS
2026-07-30T14:48:25.648983,2026-07-30T14:48:25.648986,AR000253,ST000253,SEM000007,AY000004,16.0,16.0,6.5,6.5,0,0,PASS
2026-07-30T14:48:25.648997,2026-07-30T14:48:25.649000,AR000254,ST000254,SEM000007,AY000004,16.0,16.0,9.0,9.0,0,0,PASS
2026-07-30T14:48:25.649011,2026-07-30T14:48:25.649014,AR000255,ST000255,SEM000007,AY000004,16.0,16.0,6.5,6.5,0,0,PASS
2026-07-30T14:48:25.649024,2026-07-30T14:48:25.649027,AR000256,ST000256,SEM000007,AY000004,12.0,12.0,7.0,7.0,0,0,PASS
2026-07-30T14:48:25.649038,2026-07-30T14:48:25.649041,AR000257,ST000257,SEM000007,AY000004,16.0,16.0,9.0,9.0,0,0,PASS
2026-07-30T14:48:25.649052,2026-07-30T14:48:25.649055,AR000258,ST000258,SEM000007,AY000004,12.0,12.0,7.0,7.0,0,0,PASS
2026-07-30T14:48:25.649066,2026-07-30T14:48:25.649068,AR000259,ST000259,SEM000007,AY000004,16.0,16.0,10.0,10.0,0,0,PASS
2026-07-30T14:48:25.649080,2026-07-30T14:48:25.649082,AR000260,ST000260,SEM000007,AY000004,16.0,16.0,7.5,7.5,0,0,PASS
2026-07-30T14:48:25.649093,2026-07-30T14:48:25.649096,AR000261,ST000261,SEM000007,AY000004,8.0,8.0,5.0,5.0,0,0,PASS
2026-07-30T14:48:25.649108,2026-07-30T14:48:25.649110,AR000262,ST000262,SEM000007,AY000004,16.0,16.0,7.75,7.75,0,0,PASS
2026-07-30T14:48:25.649122,2026-07-30T14:48:25.649124,AR000263,ST000263,SEM000007,AY000004,16.0,16.0,10.0,10.0,0,0,PASS
2026-07-30T14:48:25.649138,2026-07-30T14:48:25.649142,AR000264,ST000264,SEM000007,AY000004,16.0,16.0,8.75,8.75,0,0,PASS
2026-07-30T14:48:25.649153,2026-07-30T14:48:25.649156,AR000265,ST000265,SEM000007,AY000004,16.0,16.0,7.5,7.5,0,0,PASS
2026-07-30T14:48:25.649167,2026-07-30T14:48:25.649170,AR000266,ST000266,SEM000007,AY000004,16.0,16.0,9.0,9.0,0,0,PASS
2026-07-30T14:48:25.649181,2026-07-30T14:48:25.649184,AR000267,ST000267,SEM000007,AY000004,16.0,16.0,10.0,10.0,0,0,PASS
2026-07-30T14:48:25.649198,2026-07-30T14:48:25.649201,AR000268,ST000268,SEM000007,AY000004,12.0,12.0,7.33,7.33,0,0,PASS
2026-07-30T14:48:25.649212,2026-07-30T14:48:25.649215,AR000269,ST000269,SEM000007,AY000004,12.0,12.0,7.33,7.33,0,0,PASS
2026-07-30T14:48:25.649227,2026-07-30T14:48:25.649230,AR000270,ST000270,SEM000007,AY000004,16.0,16.0,8.75,8.75,0,0,PASS
2026-07-30T14:48:25.649241,2026-07-30T14:48:25.649243,AR000271,ST000271,SEM000007,AY000004,16.0,16.0,9.0,9.0,0,0,PASS
2026-07-30T14:48:25.649255,2026-07-30T14:48:25.649257,AR000272,ST000272,SEM000007,AY000004,16.0,16.0,8.25,8.25,0,0,PASS
2026-07-30T14:48:25.649268,2026-07-30T14:48:25.649271,AR000273,ST000273,SEM000007,AY000004,16.0,16.0,4.75,4.75,0,0,PASS
2026-07-30T14:48:25.649287,2026-07-30T14:48:25.649290,AR000274,ST000274,SEM000007,AY000004,16.0,16.0,8.75,8.75,0,0,PASS
2026-07-30T14:48:25.649301,2026-07-30T14:48:25.649304,AR000275,ST000275,SEM000007,AY000004,16.0,16.0,7.75,7.75,0,0,PASS
2026-07-30T14:48:25.649315,2026-07-30T14:48:25.649317,AR000276,ST000276,SEM000007,AY000004,12.0,4.0,1.33,1.33,2,2,PROMOTED
2026-07-30T14:48:25.649328,2026-07-30T14:48:25.649331,AR000277,ST000277,SEM000007,AY000004,16.0,16.0,9.0,9.0,0,0,PASS
2026-07-30T14:48:25.649342,2026-07-30T14:48:25.649345,AR000278,ST000278,SEM000007,AY000004,16.0,16.0,8.75,8.75,0,0,PASS
2026-07-30T14:48:25.649356,2026-07-30T14:48:25.649358,AR000279,ST000279,SEM000007,AY000004,16.0,16.0,7.5,7.5,0,0,PASS
2026-07-30T14:48:25.649369,2026-07-30T14:48:25.649372,AR000280,ST000280,SEM000007,AY000004,8.0,8.0,7.5,7.5,0,0,PASS
2026-07-30T14:48:25.649382,2026-07-30T14:48:25.649385,AR000281,ST000281,SEM000007,AY000004,16.0,16.0,7.5,7.5,0,0,PASS
2026-07-30T14:48:25.649396,2026-07-30T14:48:25.649399,AR000282,ST000282,SEM000007,AY000004,16.0,16.0,7.5,7.5,0,0,PASS
2026-07-30T14:48:25.649410,2026-07-30T14:48:25.649412,AR000283,ST000283,SEM000007,AY000004,12.0,12.0,9.0,9.0,0,0,PASS
2026-07-30T14:48:25.649424,2026-07-30T14:48:25.649426,AR000284,ST000284,SEM000007,AY000004,16.0,16.0,10.0,10.0,0,0,PASS
2026-07-30T14:48:25.649437,2026-07-30T14:48:25.649440,AR000285,ST000285,SEM000007,AY000004,16.0,16.0,6.5,6.5,0,0,PASS
2026-07-30T14:48:25.649451,2026-07-30T14:48:25.649453,AR000286,ST000286,SEM000007,AY000004,8.0,8.0,5.0,5.0,0,0,PASS
2026-07-30T14:48:25.649565,2026-07-30T14:48:25.649569,AR000287,ST000287,SEM000007,AY000004,12.0,12.0,7.67,7.67,0,0,PASS
2026-07-30T14:48:25.649580,2026-07-30T14:48:25.649582,AR000288,ST000288,SEM000007,AY000004,8.0,0.0,0.0,0.0,2,2,PROMOTED
2026-07-30T14:48:25.649594,2026-07-30T14:48:25.649596,AR000289,ST000289,SEM000007,AY000004,16.0,16.0,6.5,6.5,0,0,PASS
2026-07-30T14:48:25.649607,2026-07-30T14:48:25.649610,AR000290,ST000290,SEM000007,AY000004,16.0,16.0,7.5,7.5,0,0,PASS
2026-07-30T14:48:25.649621,2026-07-30T14:48:25.649624,AR000291,ST000291,SEM000007,AY000004,12.0,0.0,0.0,0.0,3,3,FAIL
2026-07-30T14:48:25.649639,2026-07-30T14:48:25.649642,AR000292,ST000292,SEM000007,AY000004,16.0,16.0,7.25,7.25,0,0,PASS
2026-07-30T14:48:25.649654,2026-07-30T14:48:25.649657,AR000293,ST000293,SEM000007,AY000004,16.0,0.0,0.0,0.0,4,4,FAIL
2026-07-30T14:48:25.649667,2026-07-30T14:48:25.649670,AR000294,ST000294,SEM000007,AY000004,16.0,16.0,8.75,8.75,0,0,PASS
2026-07-30T14:48:25.649685,2026-07-30T14:48:25.649687,AR000295,ST000295,SEM000007,AY000004,16.0,16.0,9.0,9.0,0,0,PASS
2026-07-30T14:48:25.649710,2026-07-30T14:48:25.649718,AR000296,ST000296,SEM000007,AY000004,16.0,16.0,9.0,9.0,0,0,PASS
2026-07-30T14:48:25.649749,2026-07-30T14:48:25.649755,AR000297,ST000297,SEM000007,AY000004,16.0,16.0,7.25,7.25,0,0,PASS
2026-07-30T14:48:25.649783,2026-07-30T14:48:25.649789,AR000298,ST000298,SEM000007,AY000004,16.0,16.0,9.0,9.0,0,0,PASS
2026-07-30T14:48:25.649839,2026-07-30T14:48:25.649845,AR000299,ST000299,SEM000007,AY000004,16.0,16.0,7.5,7.5,0,0,PASS
2026-07-30T14:48:25.649874,2026-07-30T14:48:25.649881,AR000300,ST000300,SEM000007,AY000004,12.0,12.0,6.67,6.67,0,0,PASS
2026-07-30T14:48:25.649913,2026-07-30T14:48:25.649920,AR000301,ST000301,SEM000007,AY000004,16.0,16.0,5.25,5.25,0,0,PASS
2026-07-30T14:48:25.649940,2026-07-30T14:48:25.649943,AR000302,ST000302,SEM000007,AY000004,16.0,16.0,8.75,8.75,0,0,PASS
2026-07-30T14:48:25.649954,2026-07-30T14:48:25.649957,AR000303,ST000303,SEM000007,AY000004,16.0,16.0,9.0,9.0,0,0,PASS
2026-07-30T14:48:25.649968,2026-07-30T14:48:25.649971,AR000304,ST000304,SEM000007,AY000004,16.0,16.0,8.75,8.75,0,0,PASS
2026-07-30T14:48:25.649982,2026-07-30T14:48:25.649985,AR000305,ST000305,SEM000007,AY000004,16.0,16.0,9.0,9.0,0,0,PASS
2026-07-30T14:48:25.649996,2026-07-30T14:48:25.649998,AR000306,ST000306,SEM000007,AY000004,16.0,16.0,7.25,7.25,0,0,PASS
2026-07-30T14:48:25.650009,2026-07-30T14:48:25.650012,AR000307,ST000307,SEM000007,AY000004,16.0,16.0,7.75,7.75,0,0,PASS
2026-07-30T14:48:25.650028,2026-07-30T14:48:25.650031,AR000308,ST000308,SEM000007,AY000004,16.0,16.0,7.5,7.5,0,0,PASS
2026-07-30T14:48:25.650042,2026-07-30T14:48:25.650045,AR000309,ST000309,SEM000007,AY000004,16.0,16.0,7.25,7.25,0,0,PASS
2026-07-30T14:48:25.650057,2026-07-30T14:48:25.650060,AR000310,ST000310,SEM000007,AY000004,12.0,12.0,4.33,4.33,0,0,PASS
2026-07-30T14:48:25.650071,2026-07-30T14:48:25.650074,AR000311,ST000311,SEM000007,AY000004,16.0,16.0,7.5,7.5,0,0,PASS
2026-07-30T14:48:25.650085,2026-07-30T14:48:25.650087,AR000312,ST000312,SEM000007,AY000004,12.0,12.0,6.33,6.33,0,0,PASS
2026-07-30T14:48:25.650098,2026-07-30T14:48:25.650101,AR000313,ST000313,SEM000007,AY000004,16.0,16.0,7.75,7.75,0,0,PASS
2026-07-30T14:48:25.650112,2026-07-30T14:48:25.650115,AR000314,ST000314,SEM000007,AY000004,16.0,16.0,7.75,7.75,0,0,PASS
2026-07-30T14:48:25.650126,2026-07-30T14:48:25.650129,AR000315,ST000315,SEM000007,AY000004,16.0,16.0,10.0,10.0,0,0,PASS
2026-07-30T14:48:25.650140,2026-07-30T14:48:25.650143,AR000316,ST000316,SEM000007,AY000004,8.0,4.0,2.0,2.0,1,1,PROMOTED
2026-07-30T14:48:25.650154,2026-07-30T14:48:25.650157,AR000317,ST000317,SEM000007,AY000004,16.0,16.0,8.75,8.75,0,0,PASS
2026-07-30T14:48:25.650168,2026-07-30T14:48:25.650170,AR000318,ST000318,SEM000007,AY000004,12.0,12.0,5.67,5.67,0,0,PASS
2026-07-30T14:48:25.650181,2026-07-30T14:48:25.650184,AR000319,ST000319,SEM000007,AY000004,16.0,16.0,10.0,10.0,0,0,PASS
2026-07-30T14:48:25.650198,2026-07-30T14:48:25.650201,AR000320,ST000320,SEM000007,AY000004,12.0,12.0,7.33,7.33,0,0,PASS
2026-07-30T14:48:25.650213,2026-07-30T14:48:25.650215,AR000321,ST000321,SEM000007,AY000004,12.0,12.0,5.0,5.0,0,0,PASS
2026-07-30T14:48:25.650227,2026-07-30T14:48:25.650229,AR000322,ST000322,SEM000007,AY000004,16.0,16.0,7.5,7.5,0,0,PASS
2026-07-30T14:48:25.650240,2026-07-30T14:48:25.650243,AR000323,ST000323,SEM000007,AY000004,16.0,16.0,10.0,10.0,0,0,PASS
2026-07-30T14:48:25.650254,2026-07-30T14:48:25.650259,AR000324,ST000324,SEM000007,AY000004,16.0,16.0,7.5,7.5,0,0,PASS
2026-07-30T14:48:25.650271,2026-07-30T14:48:25.650273,AR000325,ST000325,SEM000007,AY000004,16.0,16.0,7.0,7.0,0,0,PASS
2026-07-30T14:48:25.650285,2026-07-30T14:48:25.650287,AR000326,ST000326,SEM000007,AY000004,16.0,16.0,7.0,7.0,0,0,PASS
2026-07-30T14:48:25.650298,2026-07-30T14:48:25.650301,AR000327,ST000327,SEM000007,AY000004,12.0,12.0,7.67,7.67,0,0,PASS
2026-07-30T14:48:25.650314,2026-07-30T14:48:25.650317,AR000328,ST000328,SEM000007,AY000004,12.0,12.0,7.0,7.0,0,0,PASS
2026-07-30T14:48:25.650329,2026-07-30T14:48:25.650331,AR000329,ST000329,SEM000007,AY000004,16.0,4.0,1.0,1.0,3,3,FAIL
2026-07-30T14:48:25.650342,2026-07-30T14:48:25.650345,AR000330,ST000330,SEM000007,AY000004,12.0,12.0,4.67,4.67,0,0,PASS
2026-07-30T14:48:25.650356,2026-07-30T14:48:25.650358,AR000331,ST000331,SEM000007,AY000004,12.0,12.0,5.33,5.33,0,0,PASS
2026-07-30T14:48:25.650373,2026-07-30T14:48:25.650375,AR000332,ST000332,SEM000007,AY000004,12.0,12.0,4.67,4.67,0,0,PASS
2026-07-30T14:48:25.650387,2026-07-30T14:48:25.650389,AR000333,ST000333,SEM000007,AY000004,16.0,16.0,10.0,10.0,0,0,PASS
2026-07-30T14:48:25.650401,2026-07-30T14:48:25.650404,AR000334,ST000334,SEM000007,AY000004,16.0,16.0,7.0,7.0,0,0,PASS
2026-07-30T14:48:25.650415,2026-07-30T14:48:25.650417,AR000335,ST000335,SEM000007,AY000004,16.0,16.0,10.0,10.0,0,0,PASS
2026-07-30T14:48:25.650428,2026-07-30T14:48:25.650431,AR000336,ST000336,SEM000007,AY000004,16.0,16.0,10.0,10.0,0,0,PASS
2026-07-30T14:48:25.650442,2026-07-30T14:48:25.650444,AR000337,ST000337,SEM000007,AY000004,16.0,16.0,5.0,5.0,0,0,PASS
2026-07-30T14:48:25.650459,2026-07-30T14:48:25.650462,AR000338,ST000338,SEM000007,AY000004,16.0,16.0,10.0,10.0,0,0,PASS
2026-07-30T14:48:25.650473,2026-07-30T14:48:25.650476,AR000339,ST000339,SEM000007,AY000004,12.0,0.0,0.0,0.0,3,3,FAIL
2026-07-30T14:48:25.650487,2026-07-30T14:48:25.650490,AR000340,ST000340,SEM000007,AY000004,16.0,16.0,8.5,8.5,0,0,PASS
2026-07-30T14:48:25.650501,2026-07-30T14:48:25.650504,AR000341,ST000341,SEM000007,AY000004,12.0,8.0,3.33,3.33,1,1,PROMOTED
2026-07-30T14:48:25.650521,2026-07-30T14:48:25.650524,AR000342,ST000342,SEM000007,AY000004,16.0,16.0,8.75,8.75,0,0,PASS
2026-07-30T14:48:25.650535,2026-07-30T14:48:25.650538,AR000343,ST000343,SEM000007,AY000004,16.0,16.0,7.25,7.25,0,0,PASS
2026-07-30T14:48:25.650550,2026-07-30T14:48:25.650552,AR000344,ST000344,SEM000007,AY000004,16.0,16.0,5.25,5.25,0,0,PASS
2026-07-30T14:48:25.650563,2026-07-30T14:48:25.650566,AR000345,ST000345,SEM000007,AY000004,16.0,16.0,9.0,9.0,0,0,PASS
2026-07-30T14:48:25.650577,2026-07-30T14:48:25.650580,AR000346,ST000346,SEM000007,AY000004,16.0,16.0,7.25,7.25,0,0,PASS
2026-07-30T14:48:25.650591,2026-07-30T14:48:25.650594,AR000347,ST000347,SEM000007,AY000004,12.0,12.0,7.33,7.33,0,0,PASS
2026-07-30T14:48:25.650605,2026-07-30T14:48:25.650607,AR000348,ST000348,SEM000007,AY000004,16.0,16.0,7.25,7.25,0,0,PASS
2026-07-30T14:48:25.650622,2026-07-30T14:48:25.650625,AR000349,ST000349,SEM000007,AY000004,16.0,16.0,9.0,9.0,0,0,PASS
2026-07-30T14:48:25.650639,2026-07-30T14:48:25.650642,AR000350,ST000350,SEM000007,AY000004,16.0,16.0,7.25,7.25,0,0,PASS
2026-07-30T14:48:25.650654,2026-07-30T14:48:25.650656,AR000351,ST000351,SEM000007,AY000004,16.0,16.0,9.0,9.0,0,0,PASS
2026-07-30T14:48:25.650667,2026-07-30T14:48:25.650670,AR000352,ST000352,SEM000007,AY000004,16.0,16.0,7.25,7.25,0,0,PASS
2026-07-30T14:48:25.650681,2026-07-30T14:48:25.650684,AR000353,ST000353,SEM000007,AY000004,16.0,16.0,7.75,7.75,0,0,PASS
2026-07-30T14:48:25.650696,2026-07-30T14:48:25.650712,AR000354,ST000354,SEM000007,AY000004,16.0,16.0,10.0,10.0,0,0,PASS
2026-07-30T14:48:25.650725,2026-07-30T14:48:25.650728,AR000355,ST000355,SEM000007,AY000004,16.0,16.0,9.0,9.0,0,0,PASS
2026-07-30T14:48:25.650739,2026-07-30T14:48:25.650742,AR000356,ST000356,SEM000007,AY000004,16.0,16.0,9.0,9.0,0,0,PASS
2026-07-30T14:48:25.650753,2026-07-30T14:48:25.650755,AR000357,ST000357,SEM000007,AY000004,16.0,16.0,7.0,7.0,0,0,PASS
2026-07-30T14:48:25.650766,2026-07-30T14:48:25.650769,AR000358,ST000358,SEM000007,AY000004,16.0,16.0,9.0,9.0,0,0,PASS
2026-07-30T14:48:25.650780,2026-07-30T14:48:25.650783,AR000359,ST000359,SEM000007,AY000004,16.0,16.0,7.75,7.75,0,0,PASS
2026-07-30T14:48:25.650794,2026-07-30T14:48:25.650796,AR000360,ST000360,SEM000007,AY000004,16.0,16.0,6.5,6.5,0,0,PASS
2026-07-30T14:48:25.650807,2026-07-30T14:48:25.650810,AR000361,ST000361,SEM000007,AY000004,16.0,16.0,9.0,9.0,0,0,PASS
2026-07-30T14:48:25.650821,2026-07-30T14:48:25.650824,AR000362,ST000362,SEM000007,AY000004,16.0,16.0,8.5,8.5,0,0,PASS
2026-07-30T14:48:25.650835,2026-07-30T14:48:25.650837,AR000363,ST000363,SEM000007,AY000004,16.0,16.0,6.75,6.75,0,0,PASS
2026-07-30T14:48:25.650852,2026-07-30T14:48:25.650855,AR000364,ST000364,SEM000007,AY000004,16.0,16.0,10.0,10.0,0,0,PASS
2026-07-30T14:48:25.650867,2026-07-30T14:48:25.650869,AR000365,ST000365,SEM000007,AY000004,8.0,8.0,6.5,6.5,0,0,PASS
2026-07-30T14:48:25.650880,2026-07-30T14:48:25.650883,AR000366,ST000366,SEM000007,AY000004,8.0,8.0,7.5,7.5,0,0,PASS
2026-07-30T14:48:25.650894,2026-07-30T14:48:25.650897,AR000367,ST000367,SEM000007,AY000004,16.0,16.0,9.0,9.0,0,0,PASS
2026-07-30T14:48:25.650908,2026-07-30T14:48:25.650910,AR000368,ST000368,SEM000007,AY000004,16.0,16.0,7.75,7.75,0,0,PASS
2026-07-30T14:48:25.650921,2026-07-30T14:48:25.650924,AR000369,ST000369,SEM000007,AY000004,16.0,16.0,9.0,9.0,0,0,PASS
2026-07-30T14:48:25.650935,2026-07-30T14:48:25.650938,AR000370,ST000370,SEM000007,AY000004,16.0,16.0,7.25,7.25,0,0,PASS
2026-07-30T14:48:25.650949,2026-07-30T14:48:25.650951,AR000371,ST000371,SEM000007,AY000004,8.0,8.0,7.5,7.5,0,0,PASS
2026-07-30T14:48:25.650962,2026-07-30T14:48:25.650965,AR000372,ST000372,SEM000007,AY000004,16.0,16.0,9.0,9.0,0,0,PASS
2026-07-30T14:48:25.650975,2026-07-30T14:48:25.650978,AR000373,ST000373,SEM000007,AY000004,12.0,12.0,4.67,4.67,0,0,PASS
2026-07-30T14:48:25.650989,2026-07-30T14:48:25.650992,AR000374,ST000374,SEM000007,AY000004,16.0,16.0,9.0,9.0,0,0,PASS
2026-07-30T14:48:25.651003,2026-07-30T14:48:25.651006,AR000375,ST000375,SEM000007,AY000004,16.0,16.0,7.5,7.5,0,0,PASS
2026-07-30T14:48:25.651026,2026-07-30T14:48:25.651029,AR000376,ST000376,SEM000007,AY000004,16.0,16.0,7.5,7.5,0,0,PASS
2026-07-30T14:48:25.651044,2026-07-30T14:48:25.651047,AR000377,ST000377,SEM000007,AY000004,16.0,16.0,9.0,9.0,0,0,PASS
2026-07-30T14:48:25.651058,2026-07-30T14:48:25.651061,AR000378,ST000378,SEM000007,AY000004,16.0,16.0,8.75,8.75,0,0,PASS
2026-07-30T14:48:25.651073,2026-07-30T14:48:25.651076,AR000379,ST000379,SEM000007,AY000004,16.0,16.0,8.75,8.75,0,0,PASS
2026-07-30T14:48:25.651096,2026-07-30T14:48:25.651099,AR000380,ST000380,SEM000007,AY000004,16.0,0.0,0.0,0.0,4,4,FAIL
2026-07-30T14:48:25.651111,2026-07-30T14:48:25.651113,AR000381,ST000381,SEM000007,AY000004,16.0,16.0,7.0,7.0,0,0,PASS
2026-07-30T14:48:25.651124,2026-07-30T14:48:25.651127,AR000382,ST000382,SEM000007,AY000004,16.0,16.0,8.75,8.75,0,0,PASS
2026-07-30T14:48:25.651138,2026-07-30T14:48:25.651140,AR000383,ST000383,SEM000007,AY000004,16.0,16.0,9.0,9.0,0,0,PASS
2026-07-30T14:48:25.651151,2026-07-30T14:48:25.651154,AR000384,ST000384,SEM000007,AY000004,16.0,16.0,7.5,7.5,0,0,PASS
2026-07-30T14:48:25.651165,2026-07-30T14:48:25.651168,AR000385,ST000385,SEM000007,AY000004,16.0,16.0,9.0,9.0,0,0,PASS
2026-07-30T14:48:25.651179,2026-07-30T14:48:25.651181,AR000386,ST000386,SEM000007,AY000004,16.0,16.0,8.75,8.75,0,0,PASS
2026-07-30T14:48:25.651192,2026-07-30T14:48:25.651195,AR000387,ST000387,SEM000007,AY000004,16.0,16.0,9.0,9.0,0,0,PASS
2026-07-30T14:48:25.651206,2026-07-30T14:48:25.651209,AR000388,ST000388,SEM000007,AY000004,16.0,16.0,8.5,8.5,0,0,PASS
2026-07-30T14:48:25.651219,2026-07-30T14:48:25.651222,AR000389,ST000389,SEM000007,AY000004,16.0,16.0,5.0,5.0,0,0,PASS
2026-07-30T14:48:25.651233,2026-07-30T14:48:25.651235,AR000390,ST000390,SEM000007,AY000004,16.0,16.0,7.25,7.25,0,0,PASS
2026-07-30T14:48:25.651246,2026-07-30T14:48:25.651249,AR000391,ST000391,SEM000007,AY000004,16.0,16.0,7.0,7.0,0,0,PASS
2026-07-30T14:48:25.651260,2026-07-30T14:48:25.651263,AR000392,ST000392,SEM000007,AY000004,16.0,16.0,7.25,7.25,0,0,PASS
2026-07-30T14:48:25.651273,2026-07-30T14:48:25.651276,AR000393,ST000393,SEM000007,AY000004,12.0,12.0,7.33,7.33,0,0,PASS
2026-07-30T14:48:25.651287,2026-07-30T14:48:25.651289,AR000394,ST000394,SEM000007,AY000004,12.0,12.0,7.0,7.0,0,0,PASS
2026-07-30T14:48:25.651300,2026-07-30T14:48:25.651303,AR000395,ST000395,SEM000007,AY000004,16.0,16.0,9.0,9.0,0,0,PASS
2026-07-30T14:48:25.651317,2026-07-30T14:48:25.651320,AR000396,ST000396,SEM000007,AY000004,16.0,16.0,10.0,10.0,0,0,PASS
2026-07-30T14:48:25.651331,2026-07-30T14:48:25.651333,AR000397,ST000397,SEM000007,AY000004,12.0,12.0,7.33,7.33,0,0,PASS
2026-07-30T14:48:25.651344,2026-07-30T14:48:25.651347,AR000398,ST000398,SEM000007,AY000004,16.0,16.0,7.25,7.25,0,0,PASS
2026-07-30T14:48:25.651358,2026-07-30T14:48:25.651360,AR000399,ST000399,SEM000007,AY000004,16.0,16.0,6.0,6.0,0,0,PASS
2026-07-30T14:48:25.651371,2026-07-30T14:48:25.651373,AR000400,ST000400,SEM000007,AY000004,8.0,8.0,7.0,7.0,0,0,PASS
2026-07-30T14:48:25.651388,2026-07-30T14:48:25.651391,AR000401,ST000401,SEM000007,AY000004,16.0,16.0,7.25,7.25,0,0,PASS
2026-07-30T14:48:25.651403,2026-07-30T14:48:25.651405,AR000402,ST000402,SEM000007,AY000004,16.0,16.0,9.0,9.0,0,0,PASS
2026-07-30T14:48:25.651416,2026-07-30T14:48:25.651419,AR000403,ST000403,SEM000007,AY000004,16.0,16.0,10.0,10.0,0,0,PASS
2026-07-30T14:48:25.651430,2026-07-30T14:48:25.651432,AR000404,ST000404,SEM000007,AY000004,12.0,12.0,7.0,7.0,0,0,PASS
2026-07-30T14:48:25.651446,2026-07-30T14:48:25.651449,AR000405,ST000405,SEM000007,AY000004,16.0,16.0,7.0,7.0,0,0,PASS
2026-07-30T14:48:25.651460,2026-07-30T14:48:25.651463,AR000406,ST000406,SEM000007,AY000004,16.0,16.0,8.0,8.0,0,0,PASS
2026-07-30T14:48:25.651474,2026-07-30T14:48:25.651477,AR000407,ST000407,SEM000007,AY000004,16.0,16.0,8.75,8.75,0,0,PASS
2026-07-30T14:48:25.651488,2026-07-30T14:48:25.651490,AR000408,ST000408,SEM000007,AY000004,16.0,16.0,7.25,7.25,0,0,PASS
2026-07-30T14:48:25.651501,2026-07-30T14:48:25.651504,AR000409,ST000409,SEM000007,AY000004,12.0,12.0,7.0,7.0,0,0,PASS
2026-07-30T14:48:25.651515,2026-07-30T14:48:25.651517,AR000410,ST000410,SEM000007,AY000004,16.0,16.0,10.0,10.0,0,0,PASS
2026-07-30T14:48:25.651528,2026-07-30T14:48:25.651531,AR000411,ST000411,SEM000007,AY000004,16.0,16.0,9.0,9.0,0,0,PASS
2026-07-30T14:48:25.651542,2026-07-30T14:48:25.651544,AR000412,ST000412,SEM000007,AY000004,16.0,16.0,7.25,7.25,0,0,PASS
2026-07-30T14:48:25.651556,2026-07-30T14:48:25.651558,AR000413,ST000413,SEM000007,AY000004,16.0,16.0,7.0,7.0,0,0,PASS
2026-07-30T14:48:25.651569,2026-07-30T14:48:25.651572,AR000414,ST000414,SEM000007,AY000004,16.0,0.0,0.0,0.0,4,4,FAIL
2026-07-30T14:48:25.651583,2026-07-30T14:48:25.651585,AR000415,ST000415,SEM000007,AY000004,16.0,16.0,4.5,4.5,0,0,PASS
2026-07-30T14:48:25.651596,2026-07-30T14:48:25.651599,AR000416,ST000416,SEM000007,AY000004,16.0,16.0,7.75,7.75,0,0,PASS
2026-07-30T14:48:25.651610,2026-07-30T14:48:25.651612,AR000417,ST000417,SEM000007,AY000004,16.0,16.0,9.0,9.0,0,0,PASS
2026-07-30T14:48:25.651623,2026-07-30T14:48:25.651626,AR000418,ST000418,SEM000007,AY000004,16.0,16.0,7.25,7.25,0,0,PASS
2026-07-30T14:48:25.651637,2026-07-30T14:48:25.651640,AR000419,ST000419,SEM000007,AY000004,12.0,12.0,6.67,6.67,0,0,PASS
2026-07-30T14:48:25.651650,2026-07-30T14:48:25.651653,AR000420,ST000420,SEM000007,AY000004,16.0,16.0,7.25,7.25,0,0,PASS
2026-07-30T14:48:25.651663,2026-07-30T14:48:25.651666,AR000421,ST000421,SEM000007,AY000004,12.0,12.0,7.33,7.33,0,0,PASS
2026-07-30T14:48:25.651680,2026-07-30T14:48:25.651683,AR000422,ST000422,SEM000007,AY000004,16.0,16.0,7.25,7.25,0,0,PASS
2026-07-30T14:48:25.651694,2026-07-30T14:48:25.651706,AR000423,ST000423,SEM000007,AY000004,16.0,16.0,9.0,9.0,0,0,PASS
2026-07-30T14:48:25.651730,2026-07-30T14:48:25.651733,AR000424,ST000424,SEM000007,AY000004,16.0,16.0,7.75,7.75,0,0,PASS
2026-07-30T14:48:25.651745,2026-07-30T14:48:25.651747,AR000425,ST000425,SEM000007,AY000004,16.0,16.0,9.0,9.0,0,0,PASS
2026-07-30T14:48:25.651758,2026-07-30T14:48:25.651765,AR000426,ST000426,SEM000007,AY000004,16.0,16.0,8.75,8.75,0,0,PASS
2026-07-30T14:48:25.651777,2026-07-30T14:48:25.651780,AR000427,ST000427,SEM000007,AY000004,16.0,16.0,8.75,8.75,0,0,PASS
2026-07-30T14:48:25.651794,2026-07-30T14:48:25.651797,AR000428,ST000428,SEM000007,AY000004,16.0,16.0,9.0,9.0,0,0,PASS
2026-07-30T14:48:25.651808,2026-07-30T14:48:25.651811,AR000429,ST000429,SEM000007,AY000004,16.0,16.0,7.5,7.5,0,0,PASS
2026-07-30T14:48:25.651822,2026-07-30T14:48:25.651824,AR000430,ST000430,SEM000007,AY000004,16.0,16.0,9.0,9.0,0,0,PASS
2026-07-30T14:48:25.651840,2026-07-30T14:48:25.651843,AR000431,ST000431,SEM000007,AY000004,16.0,16.0,7.0,7.0,0,0,PASS
2026-07-30T14:48:25.651854,2026-07-30T14:48:25.651857,AR000432,ST000432,SEM000007,AY000004,16.0,16.0,9.0,9.0,0,0,PASS
2026-07-30T14:48:25.651873,2026-07-30T14:48:25.651876,AR000433,ST000433,SEM000007,AY000004,16.0,16.0,5.25,5.25,0,0,PASS
2026-07-30T14:48:25.651887,2026-07-30T14:48:25.651890,AR000434,ST000434,SEM000007,AY000004,16.0,16.0,6.5,6.5,0,0,PASS
2026-07-30T14:48:25.651901,2026-07-30T14:48:25.651904,AR000435,ST000435,SEM000007,AY000004,16.0,16.0,7.5,7.5,0,0,PASS
2026-07-30T14:48:25.651915,2026-07-30T14:48:25.651917,AR000436,ST000436,SEM000007,AY000004,12.0,12.0,6.33,6.33,0,0,PASS
2026-07-30T14:48:25.651928,2026-07-30T14:48:25.651931,AR000437,ST000437,SEM000007,AY000004,8.0,0.0,0.0,0.0,2,2,PROMOTED
2026-07-30T14:48:25.651942,2026-07-30T14:48:25.651944,AR000438,ST000438,SEM000007,AY000004,16.0,16.0,7.5,7.5,0,0,PASS
2026-07-30T14:48:25.651955,2026-07-30T14:48:25.651958,AR000439,ST000439,SEM000007,AY000004,16.0,16.0,9.0,9.0,0,0,PASS
2026-07-30T14:48:25.651969,2026-07-30T14:48:25.651971,AR000440,ST000440,SEM000007,AY000004,16.0,16.0,7.25,7.25,0,0,PASS
2026-07-30T14:48:25.651982,2026-07-30T14:48:25.651985,AR000441,ST000441,SEM000007,AY000004,12.0,0.0,0.0,0.0,3,3,FAIL
2026-07-30T14:48:25.651995,2026-07-30T14:48:25.651998,AR000442,ST000442,SEM000007,AY000004,8.0,8.0,4.5,4.5,0,0,PASS
2026-07-30T14:48:25.652009,2026-07-30T14:48:25.652012,AR000443,ST000443,SEM000007,AY000004,12.0,12.0,7.33,7.33,0,0,PASS
2026-07-30T14:48:25.652022,2026-07-30T14:48:25.652025,AR000444,ST000444,SEM000007,AY000004,12.0,12.0,7.33,7.33,0,0,PASS
2026-07-30T14:48:25.652036,2026-07-30T14:48:25.652039,AR000445,ST000445,SEM000007,AY000004,16.0,16.0,10.0,10.0,0,0,PASS
2026-07-30T14:48:25.652050,2026-07-30T14:48:25.652053,AR000446,ST000446,SEM000007,AY000004,12.0,12.0,7.67,7.67,0,0,PASS
2026-07-30T14:48:25.652064,2026-07-30T14:48:25.652067,AR000447,ST000447,SEM000007,AY000004,16.0,16.0,10.0,10.0,0,0,PASS
2026-07-30T14:48:25.652077,2026-07-30T14:48:25.652080,AR000448,ST000448,SEM000007,AY000004,12.0,12.0,5.33,5.33,0,0,PASS
2026-07-30T14:48:25.652091,2026-07-30T14:48:25.652093,AR000449,ST000449,SEM000007,AY000004,16.0,16.0,7.25,7.25,0,0,PASS
2026-07-30T14:48:25.652104,2026-07-30T14:48:25.652107,AR000450,ST000450,SEM000007,AY000004,12.0,4.0,1.33,1.33,2,2,PROMOTED
2026-07-30T14:48:25.652118,2026-07-30T14:48:25.652121,AR000451,ST000451,SEM000007,AY000004,16.0,16.0,7.25,7.25,0,0,PASS
2026-07-30T14:48:25.652135,2026-07-30T14:48:25.652138,AR000452,ST000452,SEM000007,AY000004,16.0,16.0,7.0,7.0,0,0,PASS
2026-07-30T14:48:25.652150,2026-07-30T14:48:25.652152,AR000453,ST000453,SEM000007,AY000004,16.0,16.0,7.25,7.25,0,0,PASS
2026-07-30T14:48:25.652163,2026-07-30T14:48:25.652166,AR000454,ST000454,SEM000007,AY000004,16.0,16.0,7.25,7.25,0,0,PASS
2026-07-30T14:48:25.652177,2026-07-30T14:48:25.652180,AR000455,ST000455,SEM000007,AY000004,16.0,16.0,6.0,6.0,0,0,PASS
2026-07-30T14:48:25.652190,2026-07-30T14:48:25.652193,AR000456,ST000456,SEM000007,AY000004,16.0,16.0,7.0,7.0,0,0,PASS
2026-07-30T14:48:25.652204,2026-07-30T14:48:25.652206,AR000457,ST000457,SEM000007,AY000004,16.0,16.0,6.25,6.25,0,0,PASS
2026-07-30T14:48:25.652218,2026-07-30T14:48:25.652221,AR000458,ST000458,SEM000007,AY000004,16.0,16.0,8.75,8.75,0,0,PASS
2026-07-30T14:48:25.652232,2026-07-30T14:48:25.652235,AR000459,ST000459,SEM000007,AY000004,16.0,16.0,6.25,6.25,0,0,PASS
2026-07-30T14:48:25.652250,2026-07-30T14:48:25.652253,AR000460,ST000460,SEM000007,AY000004,16.0,16.0,4.5,4.5,0,0,PASS
2026-07-30T14:48:25.652264,2026-07-30T14:48:25.652267,AR000461,ST000461,SEM000007,AY000004,16.0,16.0,9.0,9.0,0,0,PASS
2026-07-30T14:48:25.652281,2026-07-30T14:48:25.652284,AR000462,ST000462,SEM000007,AY000004,16.0,16.0,6.5,6.5,0,0,PASS
2026-07-30T14:48:25.652295,2026-07-30T14:48:25.652298,AR000463,ST000463,SEM000007,AY000004,12.0,12.0,6.33,6.33,0,0,PASS
2026-07-30T14:48:25.652309,2026-07-30T14:48:25.652312,AR000464,ST000464,SEM000007,AY000004,16.0,16.0,7.25,7.25,0,0,PASS
2026-07-30T14:48:25.652326,2026-07-30T14:48:25.652329,AR000465,ST000465,SEM000007,AY000004,16.0,16.0,10.0,10.0,0,0,PASS
2026-07-30T14:48:25.652341,2026-07-30T14:48:25.652343,AR000466,ST000466,SEM000007,AY000004,16.0,16.0,9.0,9.0,0,0,PASS
2026-07-30T14:48:25.652354,2026-07-30T14:48:25.652357,AR000467,ST000467,SEM000007,AY000004,16.0,16.0,8.5,8.5,0,0,PASS
2026-07-30T14:48:25.652368,2026-07-30T14:48:25.652371,AR000468,ST000468,SEM000007,AY000004,16.0,16.0,9.0,9.0,0,0,PASS
2026-07-30T14:48:25.652382,2026-07-30T14:48:25.652385,AR000469,ST000469,SEM000007,AY000004,16.0,16.0,5.0,5.0,0,0,PASS
2026-07-30T14:48:25.652396,2026-07-30T14:48:25.652398,AR000470,ST000470,SEM000007,AY000004,16.0,16.0,7.25,7.25,0,0,PASS
2026-07-30T14:48:25.652409,2026-07-30T14:48:25.652412,AR000471,ST000471,SEM000007,AY000004,16.0,16.0,10.0,10.0,0,0,PASS
2026-07-30T14:48:25.652422,2026-07-30T14:48:25.652425,AR000472,ST000472,SEM000007,AY000004,8.0,8.0,5.0,5.0,0,0,PASS
2026-07-30T14:48:25.652436,2026-07-30T14:48:25.652439,AR000473,ST000473,SEM000007,AY000004,16.0,16.0,7.5,7.5,0,0,PASS
2026-07-30T14:48:25.652450,2026-07-30T14:48:25.652452,AR000474,ST000474,SEM000007,AY000004,16.0,16.0,7.25,7.25,0,0,PASS
2026-07-30T14:48:25.652463,2026-07-30T14:48:25.652466,AR000475,ST000475,SEM000007,AY000004,16.0,16.0,7.25,7.25,0,0,PASS
2026-07-30T14:48:25.652477,2026-07-30T14:48:25.652480,AR000476,ST000476,SEM000007,AY000004,12.0,12.0,9.0,9.0,0,0,PASS
2026-07-30T14:48:25.652491,2026-07-30T14:48:25.652494,AR000477,ST000477,SEM000007,AY000004,16.0,16.0,9.0,9.0,0,0,PASS
2026-07-30T14:48:25.652509,2026-07-30T14:48:25.652512,AR000478,ST000478,SEM000007,AY000004,12.0,12.0,6.33,6.33,0,0,PASS
2026-07-30T14:48:25.652523,2026-07-30T14:48:25.652526,AR000479,ST000479,SEM000007,AY000004,12.0,12.0,5.67,5.67,0,0,PASS
2026-07-30T14:48:25.652537,2026-07-30T14:48:25.652540,AR000480,ST000480,SEM000007,AY000004,16.0,16.0,5.5,5.5,0,0,PASS
2026-07-30T14:48:25.652550,2026-07-30T14:48:25.652553,AR000481,ST000481,SEM000007,AY000004,16.0,16.0,4.25,4.25,0,0,PASS
2026-07-30T14:48:25.652564,2026-07-30T14:48:25.652566,AR000482,ST000482,SEM000007,AY000004,16.0,16.0,6.75,6.75,0,0,PASS
2026-07-30T14:48:25.652578,2026-07-30T14:48:25.652580,AR000483,ST000483,SEM000007,AY000004,16.0,16.0,10.0,10.0,0,0,PASS
2026-07-30T14:48:25.652591,2026-07-30T14:48:25.652594,AR000484,ST000484,SEM000007,AY000004,12.0,12.0,10.0,10.0,0,0,PASS
2026-07-30T14:48:25.652605,2026-07-30T14:48:25.652607,AR000485,ST000485,SEM000007,AY000004,16.0,16.0,9.0,9.0,0,0,PASS
2026-07-30T14:48:25.652625,2026-07-30T14:48:25.652627,AR000486,ST000486,SEM000007,AY000004,12.0,12.0,8.67,8.67,0,0,PASS
2026-07-30T14:48:25.652642,2026-07-30T14:48:25.652644,AR000487,ST000487,SEM000007,AY000004,16.0,16.0,7.0,7.0,0,0,PASS
2026-07-30T14:48:25.652655,2026-07-30T14:48:25.652658,AR000488,ST000488,SEM000007,AY000004,16.0,16.0,10.0,10.0,0,0,PASS
2026-07-30T14:48:25.652669,2026-07-30T14:48:25.652672,AR000489,ST000489,SEM000007,AY000004,16.0,16.0,9.0,9.0,0,0,PASS
2026-07-30T14:48:25.652685,2026-07-30T14:48:25.652688,AR000490,ST000490,SEM000007,AY000004,16.0,16.0,9.0,9.0,0,0,PASS
2026-07-30T14:48:25.652717,2026-07-30T14:48:25.652721,AR000491,ST000491,SEM000007,AY000004,16.0,16.0,10.0,10.0,0,0,PASS
2026-07-30T14:48:25.652733,2026-07-30T14:48:25.652736,AR000492,ST000492,SEM000007,AY000004,16.0,16.0,10.0,10.0,0,0,PASS
2026-07-30T14:48:25.652747,2026-07-30T14:48:25.652750,AR000493,ST000493,SEM000007,AY000004,12.0,12.0,10.0,10.0,0,0,PASS
2026-07-30T14:48:25.652761,2026-07-30T14:48:25.652764,AR000494,ST000494,SEM000007,AY000004,16.0,16.0,6.75,6.75,0,0,PASS
2026-07-30T14:48:25.652775,2026-07-30T14:48:25.652777,AR000495,ST000495,SEM000007,AY000004,12.0,0.0,0.0,0.0,3,3,FAIL
2026-07-30T14:48:25.652788,2026-07-30T14:48:25.652791,AR000496,ST000496,SEM000007,AY000004,12.0,12.0,7.33,7.33,0,0,PASS
2026-07-30T14:48:25.652801,2026-07-30T14:48:25.652804,AR000497,ST000497,SEM000007,AY000004,8.0,8.0,5.0,5.0,0,0,PASS
2026-07-30T14:48:25.652814,2026-07-30T14:48:25.652817,AR000498,ST000498,SEM000007,AY000004,16.0,16.0,8.75,8.75,0,0,PASS
2026-07-30T14:48:25.652828,2026-07-30T14:48:25.652830,AR000499,ST000499,SEM000007,AY000004,8.0,0.0,0.0,0.0,2,2,PROMOTED
2026-07-30T14:48:25.652841,2026-07-30T14:48:25.652844,AR000500,ST000500,SEM000007,AY000004,16.0,16.0,9.0,9.0,0,0,PASS
