created_at,updated_at,profile_id,student_id,profile_name,attendance_min,attendance_max,assignment_min,assignment_max,cie_min,cie_max,see_min,see_max,dropout_probability
2026-07-30T21:22:50.601203,2026-07-30T21:22:50.601213,PRO000001,ST000001,Average,65,85,60,80,10,24,30,58,0.1
2026-07-30T21:22:50.601252,2026-07-30T21:22:50.601254,PRO000002,ST000002,Average,65,85,60,80,10,24,30,58,0.1
2026-07-30T21:22:50.601259,2026-07-30T21:22:50.601260,PRO000003,ST000003,Average,65,85,60,80,10,24,30,58,0.1
2026-07-30T21:22:50.601265,2026-07-30T21:22:50.601266,PRO000004,ST000004,Average,65,85,60,80,10,24,30,58,0.1
2026-07-30T21:22:50.601271,2026-07-30T21:22:50.601273,PRO000005,ST000005,Good,80,95,75,90,18,28,45,65,0.03
2026-07-30T21:22:50.601277,2026-07-30T21:22:50.601278,PRO000006,ST000006,Good,80,95,75,90,18,28,45,65,0.03
2026-07-30T21:22:50.601282,2026-07-30T21:22:50.601283,PRO000007,ST000007,Good,80,95,75,90,18,28,45,65,0.03
2026-07-30T21:22:50.601287,2026-07-30T21:22:50.601288,PRO000008,ST000008,Good,80,95,75,90,18,28,45,65,0.03
2026-07-30T21:22:50.601292,2026-07-30T21:22:50.601294,PRO000009,ST000009,Average,65,85,60,80,10,24,30,58,0.1
2026-07-30T21:22:50.601297,2026-07-30T21:22:50.601299,PRO000010,ST000010,Average,65,85,60,80,10,24,30,58,0.1
2026-07-30T21:22:50.601303,2026-07-30T21:22:50.601304,PRO000011,ST000011,Declining,40,65,35,60,4,16,15,40,0.45
2026-07-30T21:22:50.601310,2026-07-30T21:22:50.601312,PRO000012,ST000012,Good,80,95,75,90,18,28,45,65,0.03
2026-07-30T21:22:50.601316,2026-07-30T21:22:50.601318,PRO000013,ST000013,Excellent,90,100,90,100,24,30,55,70,0.01
2026-07-30T21:22:50.601321,2026-07-30T21:22:50.601323,PRO000014,ST000014,Good,80,95,75,90,18,28,45,65,0.03
2026-07-30T21:22:50.601327,2026-07-30T21:22:50.601328,PRO000015,ST000015,Average,65,85,60,80,10,24,30,58,0.1
2026-07-30T21:22:50.601332,2026-07-30T21:22:50.601334,PRO000016,ST000016,Average,65,85,60,80,10,24,30,58,0.1
2026-07-30T21:22:50.601337,2026-07-30T21:22:50.601339,PRO000017,ST000017,Declining,40,65,35,60,4,16,15,40,0.45
2026-07-30T21:22:50.601342,2026-07-30T21:22:50.601344,PRO000018,ST000018,Excellent,90,100,90,100,24,30,55,70,0.01
2026-07-30T21:22:50.601347,2026-07-30T21:22:50.601349,PRO000019,ST000019,Average,65,85,60,80,10,24,30,58,0.1
2026-07-30T21:22:50.601352,2026-07-30T21:22:50.601354,PRO000020,ST000020,Improving,55,75,50,70,8,20,25,50,0.2
2026-07-30T21:22:50.601359,2026-07-30T21:22:50.601361,PRO000021,ST000021,Declining,40,65,35,60,4,16,15,40,0.45
2026-07-30T21:22:50.601365,2026-07-30T21:22:50.601367,PRO000022,ST000022,Excellent,90,100,90,100,24,30,55,70,0.01
2026-07-30T21:22:50.601370,2026-07-30T21:22:50.601372,PRO000023,ST000023,Average,65,85,60,80,10,24,30,58,0.1
2026-07-30T21:22:50.601375,2026-07-30T21:22:50.601377,PRO000024,ST000024,Excellent,90,100,90,100,24,30,55,70,0.01
2026-07-30T21:22:50.601381,2026-07-30T21:22:50.601383,PRO000025,ST000025,HighRisk,20,50,20,45,0,12,0,30,0.8
2026-07-30T21:22:50.601387,2026-07-30T21:22:50.601388,PRO000026,ST000026,HighRisk,20,50,20,45,0,12,0,30,0.8
2026-07-30T21:22:50.601392,2026-07-30T21:22:50.601394,PRO000027,ST000027,Good,80,95,75,90,18,28,45,65,0.03
2026-07-30T21:22:50.601398,2026-07-30T21:22:50.601399,PRO000028,ST000028,Average,65,85,60,80,10,24,30,58,0.1
2026-07-30T21:22:50.601403,2026-07-30T21:22:50.601404,PRO000029,ST000029,Excellent,90,100,90,100,24,30,55,70,0.01
2026-07-30T21:22:50.601408,2026-07-30T21:22:50.601409,PRO000030,ST000030,Good,80,95,75,90,18,28,45,65,0.03
2026-07-30T21:22:50.601413,2026-07-30T21:22:50.601414,PRO000031,ST000031,Good,80,95,75,90,18,28,45,65,0.03
2026-07-30T21:22:50.601418,2026-07-30T21:22:50.601420,PRO000032,ST000032,Improving,55,75,50,70,8,20,25,50,0.2
2026-07-30T21:22:50.601423,2026-07-30T21:22:50.601425,PRO000033,ST000033,Average,65,85,60,80,10,24,30,58,0.1
2026-07-30T21:22:50.601428,2026-07-30T21:22:50.601430,PRO000034,ST000034,Average,65,85,60,80,10,24,30,58,0.1
2026-07-30T21:22:50.601433,2026-07-30T21:22:50.601435,PRO000035,ST000035,Average,65,85,60,80,10,24,30,58,0.1
2026-07-30T21:22:50.601439,2026-07-30T21:22:50.601440,PRO000036,ST000036,Average,65,85,60,80,10,24,30,58,0.1
2026-07-30T21:22:50.601444,2026-07-30T21:22:50.601445,PRO000037,ST000037,Average,65,85,60,80,10,24,30,58,0.1
2026-07-30T21:22:50.601449,2026-07-30T21:22:50.601451,PRO000038,ST000038,Average,65,85,60,80,10,24,30,58,0.1
2026-07-30T21:22:50.601454,2026-07-30T21:22:50.601456,PRO000039,ST000039,Improving,55,75,50,70,8,20,25,50,0.2
2026-07-30T21:22:50.601459,2026-07-30T21:22:50.601461,PRO000040,ST000040,Declining,40,65,35,60,4,16,15,40,0.45
2026-07-30T21:22:50.601465,2026-07-30T21:22:50.601466,PRO000041,ST000041,Average,65,85,60,80,10,24,30,58,0.1
2026-07-30T21:22:50.601470,2026-07-30T21:22:50.601472,PRO000042,ST000042,Excellent,90,100,90,100,24,30,55,70,0.01
2026-07-30T21:22:50.601475,2026-07-30T21:22:50.601477,PRO000043,ST000043,Improving,55,75,50,70,8,20,25,50,0.2
2026-07-30T21:22:50.601480,2026-07-30T21:22:50.601482,PRO000044,ST000044,Excellent,90,100,90,100,24,30,55,70,0.01
2026-07-30T21:22:50.601485,2026-07-30T21:22:50.601487,PRO000045,ST000045,HighRisk,20,50,20,45,0,12,0,30,0.8
2026-07-30T21:22:50.601491,2026-07-30T21:22:50.601492,PRO000046,ST000046,Average,65,85,60,80,10,24,30,58,0.1
2026-07-30T21:22:50.601496,2026-07-30T21:22:50.601497,PRO000047,ST000047,Good,80,95,75,90,18,28,45,65,0.03
2026-07-30T21:22:50.601501,2026-07-30T21:22:50.601503,PRO000048,ST000048,Improving,55,75,50,70,8,20,25,50,0.2
2026-07-30T21:22:50.601506,2026-07-30T21:22:50.601508,PRO000049,ST000049,Average,65,85,60,80,10,24,30,58,0.1
2026-07-30T21:22:50.601513,2026-07-30T21:22:50.601515,PRO000050,ST000050,Average,65,85,60,80,10,24,30,58,0.1
2026-07-30T21:22:50.601519,2026-07-30T21:22:50.601520,PRO000051,ST000051,Declining,40,65,35,60,4,16,15,40,0.45
2026-07-30T21:22:50.601524,2026-07-30T21:22:50.601527,PRO000052,ST000052,Good,80,95,75,90,18,28,45,65,0.03
2026-07-30T21:22:50.601531,2026-07-30T21:22:50.601533,PRO000053,ST000053,Declining,40,65,35,60,4,16,15,40,0.45
2026-07-30T21:22:50.601536,2026-07-30T21:22:50.601538,PRO000054,ST000054,Average,65,85,60,80,10,24,30,58,0.1
2026-07-30T21:22:50.601542,2026-07-30T21:22:50.601543,PRO000055,ST000055,HighRisk,20,50,20,45,0,12,0,30,0.8
2026-07-30T21:22:50.601547,2026-07-30T21:22:50.601548,PRO000056,ST000056,Average,65,85,60,80,10,24,30,58,0.1
2026-07-30T21:22:50.601552,2026-07-30T21:22:50.601554,PRO000057,ST000057,Average,65,85,60,80,10,24,30,58,0.1
2026-07-30T21:22:50.601557,2026-07-30T21:22:50.601559,PRO000058,ST000058,Average,65,85,60,80,10,24,30,58,0.1
2026-07-30T21:22:50.601562,2026-07-30T21:22:50.601564,PRO000059,ST000059,Improving,55,75,50,70,8,20,25,50,0.2
2026-07-30T21:22:50.601567,2026-07-30T21:22:50.601569,PRO000060,ST000060,Good,80,95,75,90,18,28,45,65,0.03
2026-07-30T21:22:50.601572,2026-07-30T21:22:50.601574,PRO000061,ST000061,Excellent,90,100,90,100,24,30,55,70,0.01
2026-07-30T21:22:50.601578,2026-07-30T21:22:50.601579,PRO000062,ST000062,Declining,40,65,35,60,4,16,15,40,0.45
2026-07-30T21:22:50.601583,2026-07-30T21:22:50.601584,PRO000063,ST000063,Good,80,95,75,90,18,28,45,65,0.03
2026-07-30T21:22:50.601588,2026-07-30T21:22:50.601590,PRO000064,ST000064,Average,65,85,60,80,10,24,30,58,0.1
2026-07-30T21:22:50.601593,2026-07-30T21:22:50.601595,PRO000065,ST000065,Declining,40,65,35,60,4,16,15,40,0.45
2026-07-30T21:22:50.601599,2026-07-30T21:22:50.601601,PRO000066,ST000066,Improving,55,75,50,70,8,20,25,50,0.2
2026-07-30T21:22:50.601604,2026-07-30T21:22:50.601606,PRO000067,ST000067,Declining,40,65,35,60,4,16,15,40,0.45
2026-07-30T21:22:50.601609,2026-07-30T21:22:50.601611,PRO000068,ST000068,Average,65,85,60,80,10,24,30,58,0.1
2026-07-30T21:22:50.601614,2026-07-30T21:22:50.601616,PRO000069,ST000069,Good,80,95,75,90,18,28,45,65,0.03
2026-07-30T21:22:50.601619,2026-07-30T21:22:50.601621,PRO000070,ST000070,Excellent,90,100,90,100,24,30,55,70,0.01
2026-07-30T21:22:50.601625,2026-07-30T21:22:50.601626,PRO000071,ST000071,Average,65,85,60,80,10,24,30,58,0.1
2026-07-30T21:22:50.601630,2026-07-30T21:22:50.601632,PRO000072,ST000072,Good,80,95,75,90,18,28,45,65,0.03
2026-07-30T21:22:50.601635,2026-07-30T21:22:50.601637,PRO000073,ST000073,Average,65,85,60,80,10,24,30,58,0.1
2026-07-30T21:22:50.601640,2026-07-30T21:22:50.601642,PRO000074,ST000074,Average,65,85,60,80,10,24,30,58,0.1
2026-07-30T21:22:50.601645,2026-07-30T21:22:50.601647,PRO000075,ST000075,Average,65,85,60,80,10,24,30,58,0.1
2026-07-30T21:22:50.601653,2026-07-30T21:22:50.601654,PRO000076,ST000076,Average,65,85,60,80,10,24,30,58,0.1
2026-07-30T21:22:50.601658,2026-07-30T21:22:50.601660,PRO000077,ST000077,Improving,55,75,50,70,8,20,25,50,0.2
2026-07-30T21:22:50.601668,2026-07-30T21:22:50.601670,PRO000078,ST000078,Declining,40,65,35,60,4,16,15,40,0.45
2026-07-30T21:22:50.601674,2026-07-30T21:22:50.601676,PRO000079,ST000079,HighRisk,20,50,20,45,0,12,0,30,0.8
2026-07-30T21:22:50.601679,2026-07-30T21:22:50.601681,PRO000080,ST000080,Good,80,95,75,90,18,28,45,65,0.03
2026-07-30T21:22:50.601684,2026-07-30T21:22:50.601686,PRO000081,ST000081,Declining,40,65,35,60,4,16,15,40,0.45
2026-07-30T21:22:50.601690,2026-07-30T21:22:50.601691,PRO000082,ST000082,Average,65,85,60,80,10,24,30,58,0.1
2026-07-30T21:22:50.601695,2026-07-30T21:22:50.601696,PRO000083,ST000083,Average,65,85,60,80,10,24,30,58,0.1
2026-07-30T21:22:50.601700,2026-07-30T21:22:50.601702,PRO000084,ST000084,Good,80,95,75,90,18,28,45,65,0.03
2026-07-30T21:22:50.601705,2026-07-30T21:22:50.601707,PRO000085,ST000085,Good,80,95,75,90,18,28,45,65,0.03
2026-07-30T21:22:50.601710,2026-07-30T21:22:50.601712,PRO000086,ST000086,Average,65,85,60,80,10,24,30,58,0.1
2026-07-30T21:22:50.601715,2026-07-30T21:22:50.601717,PRO000087,ST000087,Excellent,90,100,90,100,24,30,55,70,0.01
2026-07-30T21:22:50.601720,2026-07-30T21:22:50.601722,PRO000088,ST000088,Excellent,90,100,90,100,24,30,55,70,0.01
2026-07-30T21:22:50.601726,2026-07-30T21:22:50.601727,PRO000089,ST000089,HighRisk,20,50,20,45,0,12,0,30,0.8
2026-07-30T21:22:50.601731,2026-07-30T21:22:50.601732,PRO000090,ST000090,Average,65,85,60,80,10,24,30,58,0.1
2026-07-30T21:22:50.601736,2026-07-30T21:22:50.601738,PRO000091,ST000091,Average,65,85,60,80,10,24,30,58,0.1
2026-07-30T21:22:50.601741,2026-07-30T21:22:50.601743,PRO000092,ST000092,Good,80,95,75,90,18,28,45,65,0.03
2026-07-30T21:22:50.601746,2026-07-30T21:22:50.601748,PRO000093,ST000093,Improving,55,75,50,70,8,20,25,50,0.2
2026-07-30T21:22:50.601751,2026-07-30T21:22:50.601753,PRO000094,ST000094,Good,80,95,75,90,18,28,45,65,0.03
2026-07-30T21:22:50.601757,2026-07-30T21:22:50.601758,PRO000095,ST000095,HighRisk,20,50,20,45,0,12,0,30,0.8
2026-07-30T21:22:50.601762,2026-07-30T21:22:50.601763,PRO000096,ST000096,Average,65,85,60,80,10,24,30,58,0.1
2026-07-30T21:22:50.601767,2026-07-30T21:22:50.601768,PRO000097,ST000097,Good,80,95,75,90,18,28,45,65,0.03
2026-07-30T21:22:50.601772,2026-07-30T21:22:50.601774,PRO000098,ST000098,Average,65,85,60,80,10,24,30,58,0.1
2026-07-30T21:22:50.601777,2026-07-30T21:22:50.601779,PRO000099,ST000099,HighRisk,20,50,20,45,0,12,0,30,0.8
2026-07-30T21:22:50.601782,2026-07-30T21:22:50.601784,PRO000100,ST000100,Improving,55,75,50,70,8,20,25,50,0.2
2026-07-30T21:22:50.601787,2026-07-30T21:22:50.601789,PRO000101,ST000101,Average,65,85,60,80,10,24,30,58,0.1
2026-07-30T21:22:50.601792,2026-07-30T21:22:50.601794,PRO000102,ST000102,Average,65,85,60,80,10,24,30,58,0.1
2026-07-30T21:22:50.601797,2026-07-30T21:22:50.601801,PRO000103,ST000103,Excellent,90,100,90,100,24,30,55,70,0.01
2026-07-30T21:22:50.601805,2026-07-30T21:22:50.601806,PRO000104,ST000104,Excellent,90,100,90,100,24,30,55,70,0.01
2026-07-30T21:22:50.601810,2026-07-30T21:22:50.601812,PRO000105,ST000105,Average,65,85,60,80,10,24,30,58,0.1
2026-07-30T21:22:50.601817,2026-07-30T21:22:50.601819,PRO000106,ST000106,Average,65,85,60,80,10,24,30,58,0.1
2026-07-30T21:22:50.601822,2026-07-30T21:22:50.601824,PRO000107,ST000107,Average,65,85,60,80,10,24,30,58,0.1
2026-07-30T21:22:50.601827,2026-07-30T21:22:50.601829,PRO000108,ST000108,HighRisk,20,50,20,45,0,12,0,30,0.8
2026-07-30T21:22:50.601833,2026-07-30T21:22:50.601834,PRO000109,ST000109,HighRisk,20,50,20,45,0,12,0,30,0.8
2026-07-30T21:22:50.601838,2026-07-30T21:22:50.601840,PRO000110,ST000110,Good,80,95,75,90,18,28,45,65,0.03
2026-07-30T21:22:50.601843,2026-07-30T21:22:50.601845,PRO000111,ST000111,Average,65,85,60,80,10,24,30,58,0.1
2026-07-30T21:22:50.601848,2026-07-30T21:22:50.601850,PRO000112,ST000112,Improving,55,75,50,70,8,20,25,50,0.2
2026-07-30T21:22:50.601853,2026-07-30T21:22:50.601855,PRO000113,ST000113,Good,80,95,75,90,18,28,45,65,0.03
2026-07-30T21:22:50.601859,2026-07-30T21:22:50.601860,PRO000114,ST000114,Excellent,90,100,90,100,24,30,55,70,0.01
2026-07-30T21:22:50.601864,2026-07-30T21:22:50.601865,PRO000115,ST000115,Good,80,95,75,90,18,28,45,65,0.03
2026-07-30T21:22:50.601869,2026-07-30T21:22:50.601871,PRO000116,ST000116,Declining,40,65,35,60,4,16,15,40,0.45
2026-07-30T21:22:50.601874,2026-07-30T21:22:50.601876,PRO000117,ST000117,Average,65,85,60,80,10,24,30,58,0.1
2026-07-30T21:22:50.601879,2026-07-30T21:22:50.601881,PRO000118,ST000118,Average,65,85,60,80,10,24,30,58,0.1
2026-07-30T21:22:50.601884,2026-07-30T21:22:50.601886,PRO000119,ST000119,Average,65,85,60,80,10,24,30,58,0.1
2026-07-30T21:22:50.601889,2026-07-30T21:22:50.601891,PRO000120,ST000120,Declining,40,65,35,60,4,16,15,40,0.45
2026-07-30T21:22:50.601895,2026-07-30T21:22:50.601896,PRO000121,ST000121,Good,80,95,75,90,18,28,45,65,0.03
2026-07-30T21:22:50.601900,2026-07-30T21:22:50.601901,PRO000122,ST000122,Average,65,85,60,80,10,24,30,58,0.1
2026-07-30T21:22:50.601905,2026-07-30T21:22:50.601906,PRO000123,ST000123,Good,80,95,75,90,18,28,45,65,0.03
2026-07-30T21:22:50.601910,2026-07-30T21:22:50.601912,PRO000124,ST000124,Average,65,85,60,80,10,24,30,58,0.1
2026-07-30T21:22:50.601915,2026-07-30T21:22:50.601917,PRO000125,ST000125,Average,65,85,60,80,10,24,30,58,0.1
2026-07-30T21:22:50.601920,2026-07-30T21:22:50.601922,PRO000126,ST000126,Improving,55,75,50,70,8,20,25,50,0.2
2026-07-30T21:22:50.601925,2026-07-30T21:22:50.601927,PRO000127,ST000127,Good,80,95,75,90,18,28,45,65,0.03
2026-07-30T21:22:50.601930,2026-07-30T21:22:50.601932,PRO000128,ST000128,Good,80,95,75,90,18,28,45,65,0.03
2026-07-30T21:22:50.601935,2026-07-30T21:22:50.601939,PRO000129,ST000129,Average,65,85,60,80,10,24,30,58,0.1
2026-07-30T21:22:50.601943,2026-07-30T21:22:50.601945,PRO000130,ST000130,Good,80,95,75,90,18,28,45,65,0.03
2026-07-30T21:22:50.601948,2026-07-30T21:22:50.601950,PRO000131,ST000131,Average,65,85,60,80,10,24,30,58,0.1
2026-07-30T21:22:50.601953,2026-07-30T21:22:50.601955,PRO000132,ST000132,Average,65,85,60,80,10,24,30,58,0.1
2026-07-30T21:22:50.601958,2026-07-30T21:22:50.601960,PRO000133,ST000133,Good,80,95,75,90,18,28,45,65,0.03
2026-07-30T21:22:50.601969,2026-07-30T21:22:50.601971,PRO000134,ST000134,Average,65,85,60,80,10,24,30,58,0.1
2026-07-30T21:22:50.601974,2026-07-30T21:22:50.601976,PRO000135,ST000135,Improving,55,75,50,70,8,20,25,50,0.2
2026-07-30T21:22:50.601979,2026-07-30T21:22:50.601981,PRO000136,ST000136,Good,80,95,75,90,18,28,45,65,0.03
2026-07-30T21:22:50.601984,2026-07-30T21:22:50.601986,PRO000137,ST000137,Good,80,95,75,90,18,28,45,65,0.03
2026-07-30T21:22:50.601989,2026-07-30T21:22:50.601991,PRO000138,ST000138,Average,65,85,60,80,10,24,30,58,0.1
2026-07-30T21:22:50.601996,2026-07-30T21:22:50.601998,PRO000139,ST000139,Excellent,90,100,90,100,24,30,55,70,0.01
2026-07-30T21:22:50.602005,2026-07-30T21:22:50.602007,PRO000140,ST000140,HighRisk,20,50,20,45,0,12,0,30,0.8
2026-07-30T21:22:50.602013,2026-07-30T21:22:50.602014,PRO000141,ST000141,Good,80,95,75,90,18,28,45,65,0.03
2026-07-30T21:22:50.602018,2026-07-30T21:22:50.602020,PRO000142,ST000142,Average,65,85,60,80,10,24,30,58,0.1
2026-07-30T21:22:50.602024,2026-07-30T21:22:50.602025,PRO000143,ST000143,Improving,55,75,50,70,8,20,25,50,0.2
2026-07-30T21:22:50.602029,2026-07-30T21:22:50.602031,PRO000144,ST000144,Good,80,95,75,90,18,28,45,65,0.03
2026-07-30T21:22:50.602034,2026-07-30T21:22:50.602036,PRO000145,ST000145,Excellent,90,100,90,100,24,30,55,70,0.01
2026-07-30T21:22:50.602039,2026-07-30T21:22:50.602041,PRO000146,ST000146,Excellent,90,100,90,100,24,30,55,70,0.01
2026-07-30T21:22:50.602044,2026-07-30T21:22:50.602046,PRO000147,ST000147,Good,80,95,75,90,18,28,45,65,0.03
2026-07-30T21:22:50.602049,2026-07-30T21:22:50.602051,PRO000148,ST000148,Excellent,90,100,90,100,24,30,55,70,0.01
2026-07-30T21:22:50.602055,2026-07-30T21:22:50.602056,PRO000149,ST000149,HighRisk,20,50,20,45,0,12,0,30,0.8
2026-07-30T21:22:50.602060,2026-07-30T21:22:50.602061,PRO000150,ST000150,Good,80,95,75,90,18,28,45,65,0.03
2026-07-30T21:22:50.602065,2026-07-30T21:22:50.602066,PRO000151,ST000151,Improving,55,75,50,70,8,20,25,50,0.2
2026-07-30T21:22:50.602070,2026-07-30T21:22:50.602071,PRO000152,ST000152,Average,65,85,60,80,10,24,30,58,0.1
2026-07-30T21:22:50.602075,2026-07-30T21:22:50.602076,PRO000153,ST000153,Good,80,95,75,90,18,28,45,65,0.03
2026-07-30T21:22:50.602080,2026-07-30T21:22:50.602084,PRO000154,ST000154,HighRisk,20,50,20,45,0,12,0,30,0.8
2026-07-30T21:22:50.602087,2026-07-30T21:22:50.602089,PRO000155,ST000155,Improving,55,75,50,70,8,20,25,50,0.2
2026-07-30T21:22:50.602093,2026-07-30T21:22:50.602094,PRO000156,ST000156,Average,65,85,60,80,10,24,30,58,0.1
2026-07-30T21:22:50.602108,2026-07-30T21:22:50.602111,PRO000157,ST000157,Excellent,90,100,90,100,24,30,55,70,0.01
2026-07-30T21:22:50.602114,2026-07-30T21:22:50.602116,PRO000158,ST000158,Good,80,95,75,90,18,28,45,65,0.03
2026-07-30T21:22:50.602119,2026-07-30T21:22:50.602121,PRO000159,ST000159,Average,65,85,60,80,10,24,30,58,0.1
2026-07-30T21:22:50.602124,2026-07-30T21:22:50.602126,PRO000160,ST000160,Declining,40,65,35,60,4,16,15,40,0.45
2026-07-30T21:22:50.602129,2026-07-30T21:22:50.602131,PRO000161,ST000161,Good,80,95,75,90,18,28,45,65,0.03
2026-07-30T21:22:50.602135,2026-07-30T21:22:50.602136,PRO000162,ST000162,Improving,55,75,50,70,8,20,25,50,0.2
2026-07-30T21:22:50.602142,2026-07-30T21:22:50.602144,PRO000163,ST000163,Good,80,95,75,90,18,28,45,65,0.03
2026-07-30T21:22:50.602147,2026-07-30T21:22:50.602149,PRO000164,ST000164,Good,80,95,75,90,18,28,45,65,0.03
2026-07-30T21:22:50.602153,2026-07-30T21:22:50.602154,PRO000165,ST000165,Average,65,85,60,80,10,24,30,58,0.1
2026-07-30T21:22:50.602158,2026-07-30T21:22:50.602159,PRO000166,ST000166,Improving,55,75,50,70,8,20,25,50,0.2
2026-07-30T21:22:50.602163,2026-07-30T21:22:50.602165,PRO000167,ST000167,Average,65,85,60,80,10,24,30,58,0.1
2026-07-30T21:22:50.602168,2026-07-30T21:22:50.602170,PRO000168,ST000168,Average,65,85,60,80,10,24,30,58,0.1
2026-07-30T21:22:50.602173,2026-07-30T21:22:50.602175,PRO000169,ST000169,Improving,55,75,50,70,8,20,25,50,0.2
2026-07-30T21:22:50.602178,2026-07-30T21:22:50.602180,PRO000170,ST000170,Average,65,85,60,80,10,24,30,58,0.1
2026-07-30T21:22:50.602183,2026-07-30T21:22:50.602185,PRO000171,ST000171,Average,65,85,60,80,10,24,30,58,0.1
2026-07-30T21:22:50.602188,2026-07-30T21:22:50.602190,PRO000172,ST000172,Excellent,90,100,90,100,24,30,55,70,0.01
2026-07-30T21:22:50.602194,2026-07-30T21:22:50.602195,PRO000173,ST000173,Average,65,85,60,80,10,24,30,58,0.1
2026-07-30T21:22:50.602199,2026-07-30T21:22:50.602201,PRO000174,ST000174,Good,80,95,75,90,18,28,45,65,0.03
2026-07-30T21:22:50.602204,2026-07-30T21:22:50.602206,PRO000175,ST000175,Average,65,85,60,80,10,24,30,58,0.1
2026-07-30T21:22:50.602209,2026-07-30T21:22:50.602211,PRO000176,ST000176,HighRisk,20,50,20,45,0,12,0,30,0.8
2026-07-30T21:22:50.602214,2026-07-30T21:22:50.602216,PRO000177,ST000177,Average,65,85,60,80,10,24,30,58,0.1
2026-07-30T21:22:50.602220,2026-07-30T21:22:50.602221,PRO000178,ST000178,Good,80,95,75,90,18,28,45,65,0.03
2026-07-30T21:22:50.602225,2026-07-30T21:22:50.602226,PRO000179,ST000179,Average,65,85,60,80,10,24,30,58,0.1
2026-07-30T21:22:50.602232,2026-07-30T21:22:50.602234,PRO000180,ST000180,Excellent,90,100,90,100,24,30,55,70,0.01
2026-07-30T21:22:50.602237,2026-07-30T21:22:50.602239,PRO000181,ST000181,Excellent,90,100,90,100,24,30,55,70,0.01
2026-07-30T21:22:50.602242,2026-07-30T21:22:50.602244,PRO000182,ST000182,Good,80,95,75,90,18,28,45,65,0.03
2026-07-30T21:22:50.602247,2026-07-30T21:22:50.602249,PRO000183,ST000183,HighRisk,20,50,20,45,0,12,0,30,0.8
2026-07-30T21:22:50.602252,2026-07-30T21:22:50.602254,PRO000184,ST000184,Declining,40,65,35,60,4,16,15,40,0.45
2026-07-30T21:22:50.602258,2026-07-30T21:22:50.602259,PRO000185,ST000185,Average,65,85,60,80,10,24,30,58,0.1
2026-07-30T21:22:50.602263,2026-07-30T21:22:50.602264,PRO000186,ST000186,Declining,40,65,35,60,4,16,15,40,0.45
2026-07-30T21:22:50.602268,2026-07-30T21:22:50.602269,PRO000187,ST000187,Average,65,85,60,80,10,24,30,58,0.1
2026-07-30T21:22:50.602273,2026-07-30T21:22:50.602274,PRO000188,ST000188,HighRisk,20,50,20,45,0,12,0,30,0.8
2026-07-30T21:22:50.602278,2026-07-30T21:22:50.602279,PRO000189,ST000189,Excellent,90,100,90,100,24,30,55,70,0.01
2026-07-30T21:22:50.602283,2026-07-30T21:22:50.602284,PRO000190,ST000190,Average,65,85,60,80,10,24,30,58,0.1
2026-07-30T21:22:50.602290,2026-07-30T21:22:50.602291,PRO000191,ST000191,Declining,40,65,35,60,4,16,15,40,0.45
2026-07-30T21:22:50.602295,2026-07-30T21:22:50.602296,PRO000192,ST000192,Improving,55,75,50,70,8,20,25,50,0.2
2026-07-30T21:22:50.602300,2026-07-30T21:22:50.602301,PRO000193,ST000193,Good,80,95,75,90,18,28,45,65,0.03
2026-07-30T21:22:50.602305,2026-07-30T21:22:50.602306,PRO000194,ST000194,Average,65,85,60,80,10,24,30,58,0.1
2026-07-30T21:22:50.602310,2026-07-30T21:22:50.602312,PRO000195,ST000195,Average,65,85,60,80,10,24,30,58,0.1
2026-07-30T21:22:50.602315,2026-07-30T21:22:50.602317,PRO000196,ST000196,Improving,55,75,50,70,8,20,25,50,0.2
2026-07-30T21:22:50.602320,2026-07-30T21:22:50.602321,PRO000197,ST000197,Declining,40,65,35,60,4,16,15,40,0.45
2026-07-30T21:22:50.602325,2026-07-30T21:22:50.602326,PRO000198,ST000198,Improving,55,75,50,70,8,20,25,50,0.2
2026-07-30T21:22:50.602330,2026-07-30T21:22:50.602332,PRO000199,ST000199,HighRisk,20,50,20,45,0,12,0,30,0.8
2026-07-30T21:22:50.602335,2026-07-30T21:22:50.602337,PRO000200,ST000200,Average,65,85,60,80,10,24,30,58,0.1
2026-07-30T21:22:50.602340,2026-07-30T21:22:50.602342,PRO000201,ST000201,Average,65,85,60,80,10,24,30,58,0.1
2026-07-30T21:22:50.602345,2026-07-30T21:22:50.602347,PRO000202,ST000202,Declining,40,65,35,60,4,16,15,40,0.45
2026-07-30T21:22:50.602350,2026-07-30T21:22:50.602352,PRO000203,ST000203,Average,65,85,60,80,10,24,30,58,0.1
2026-07-30T21:22:50.602358,2026-07-30T21:22:50.602360,PRO000204,ST000204,Improving,55,75,50,70,8,20,25,50,0.2
2026-07-30T21:22:50.602363,2026-07-30T21:22:50.602367,PRO000205,ST000205,Average,65,85,60,80,10,24,30,58,0.1
2026-07-30T21:22:50.602370,2026-07-30T21:22:50.602372,PRO000206,ST000206,HighRisk,20,50,20,45,0,12,0,30,0.8
2026-07-30T21:22:50.602376,2026-07-30T21:22:50.602377,PRO000207,ST000207,HighRisk,20,50,20,45,0,12,0,30,0.8
2026-07-30T21:22:50.602381,2026-07-30T21:22:50.602382,PRO000208,ST000208,Average,65,85,60,80,10,24,30,58,0.1
2026-07-30T21:22:50.602386,2026-07-30T21:22:50.602388,PRO000209,ST000209,Good,80,95,75,90,18,28,45,65,0.03
2026-07-30T21:22:50.602391,2026-07-30T21:22:50.602393,PRO000210,ST000210,Average,65,85,60,80,10,24,30,58,0.1
2026-07-30T21:22:50.602396,2026-07-30T21:22:50.602398,PRO000211,ST000211,Average,65,85,60,80,10,24,30,58,0.1
2026-07-30T21:22:50.602401,2026-07-30T21:22:50.602403,PRO000212,ST000212,Good,80,95,75,90,18,28,45,65,0.03
2026-07-30T21:22:50.602406,2026-07-30T21:22:50.602408,PRO000213,ST000213,HighRisk,20,50,20,45,0,12,0,30,0.8
2026-07-30T21:22:50.602411,2026-07-30T21:22:50.602413,PRO000214,ST000214,Average,65,85,60,80,10,24,30,58,0.1
2026-07-30T21:22:50.602416,2026-07-30T21:22:50.602418,PRO000215,ST000215,Improving,55,75,50,70,8,20,25,50,0.2
2026-07-30T21:22:50.602421,2026-07-30T21:22:50.602423,PRO000216,ST000216,Good,80,95,75,90,18,28,45,65,0.03
2026-07-30T21:22:50.602426,2026-07-30T21:22:50.602428,PRO000217,ST000217,Improving,55,75,50,70,8,20,25,50,0.2
2026-07-30T21:22:50.602431,2026-07-30T21:22:50.602433,PRO000218,ST000218,Excellent,90,100,90,100,24,30,55,70,0.01
2026-07-30T21:22:50.602438,2026-07-30T21:22:50.602440,PRO000219,ST000219,Average,65,85,60,80,10,24,30,58,0.1
2026-07-30T21:22:50.602444,2026-07-30T21:22:50.602445,PRO000220,ST000220,Declining,40,65,35,60,4,16,15,40,0.45
2026-07-30T21:22:50.602449,2026-07-30T21:22:50.602450,PRO000221,ST000221,Good,80,95,75,90,18,28,45,65,0.03
2026-07-30T21:22:50.602454,2026-07-30T21:22:50.602455,PRO000222,ST000222,Improving,55,75,50,70,8,20,25,50,0.2
2026-07-30T21:22:50.602459,2026-07-30T21:22:50.602460,PRO000223,ST000223,HighRisk,20,50,20,45,0,12,0,30,0.8
2026-07-30T21:22:50.602464,2026-07-30T21:22:50.602466,PRO000224,ST000224,HighRisk,20,50,20,45,0,12,0,30,0.8
2026-07-30T21:22:50.602469,2026-07-30T21:22:50.602471,PRO000225,ST000225,Average,65,85,60,80,10,24,30,58,0.1
2026-07-30T21:22:50.602474,2026-07-30T21:22:50.602476,PRO000226,ST000226,Average,65,85,60,80,10,24,30,58,0.1
2026-07-30T21:22:50.602479,2026-07-30T21:22:50.602481,PRO000227,ST000227,Average,65,85,60,80,10,24,30,58,0.1
2026-07-30T21:22:50.602484,2026-07-30T21:22:50.602486,PRO000228,ST000228,Declining,40,65,35,60,4,16,15,40,0.45
2026-07-30T21:22:50.602489,2026-07-30T21:22:50.602491,PRO000229,ST000229,Declining,40,65,35,60,4,16,15,40,0.45
2026-07-30T21:22:50.602494,2026-07-30T21:22:50.602496,PRO000230,ST000230,Average,65,85,60,80,10,24,30,58,0.1
2026-07-30T21:22:50.602499,2026-07-30T21:22:50.602503,PRO000231,ST000231,Declining,40,65,35,60,4,16,15,40,0.45
2026-07-30T21:22:50.602507,2026-07-30T21:22:50.602508,PRO000232,ST000232,Good,80,95,75,90,18,28,45,65,0.03
2026-07-30T21:22:50.602512,2026-07-30T21:22:50.602514,PRO000233,ST000233,Average,65,85,60,80,10,24,30,58,0.1
2026-07-30T21:22:50.602517,2026-07-30T21:22:50.602519,PRO000234,ST000234,Good,80,95,75,90,18,28,45,65,0.03
2026-07-30T21:22:50.602522,2026-07-30T21:22:50.602524,PRO000235,ST000235,Declining,40,65,35,60,4,16,15,40,0.45
2026-07-30T21:22:50.602527,2026-07-30T21:22:50.602529,PRO000236,ST000236,Average,65,85,60,80,10,24,30,58,0.1
2026-07-30T21:22:50.602532,2026-07-30T21:22:50.602534,PRO000237,ST000237,Declining,40,65,35,60,4,16,15,40,0.45
2026-07-30T21:22:50.602537,2026-07-30T21:22:50.602539,PRO000238,ST000238,Average,65,85,60,80,10,24,30,58,0.1
2026-07-30T21:22:50.602543,2026-07-30T21:22:50.602544,PRO000239,ST000239,HighRisk,20,50,20,45,0,12,0,30,0.8
2026-07-30T21:22:50.602548,2026-07-30T21:22:50.602549,PRO000240,ST000240,Average,65,85,60,80,10,24,30,58,0.1
2026-07-30T21:22:50.602553,2026-07-30T21:22:50.602554,PRO000241,ST000241,Improving,55,75,50,70,8,20,25,50,0.2
2026-07-30T21:22:50.602558,2026-07-30T21:22:50.602560,PRO000242,ST000242,Improving,55,75,50,70,8,20,25,50,0.2
2026-07-30T21:22:50.602563,2026-07-30T21:22:50.602565,PRO000243,ST000243,Average,65,85,60,80,10,24,30,58,0.1
2026-07-30T21:22:50.602568,2026-07-30T21:22:50.602570,PRO000244,ST000244,Average,65,85,60,80,10,24,30,58,0.1
2026-07-30T21:22:50.602573,2026-07-30T21:22:50.602575,PRO000245,ST000245,Good,80,95,75,90,18,28,45,65,0.03
2026-07-30T21:22:50.602578,2026-07-30T21:22:50.602580,PRO000246,ST000246,Improving,55,75,50,70,8,20,25,50,0.2
2026-07-30T21:22:50.602585,2026-07-30T21:22:50.602587,PRO000247,ST000247,Average,65,85,60,80,10,24,30,58,0.1
2026-07-30T21:22:50.602591,2026-07-30T21:22:50.602592,PRO000248,ST000248,Good,80,95,75,90,18,28,45,65,0.03
2026-07-30T21:22:50.602596,2026-07-30T21:22:50.602597,PRO000249,ST000249,Average,65,85,60,80,10,24,30,58,0.1
2026-07-30T21:22:50.602601,2026-07-30T21:22:50.602602,PRO000250,ST000250,Declining,40,65,35,60,4,16,15,40,0.45
2026-07-30T21:22:50.602606,2026-07-30T21:22:50.602608,PRO000251,ST000251,Declining,40,65,35,60,4,16,15,40,0.45
2026-07-30T21:22:50.602611,2026-07-30T21:22:50.602613,PRO000252,ST000252,Improving,55,75,50,70,8,20,25,50,0.2
2026-07-30T21:22:50.602616,2026-07-30T21:22:50.602618,PRO000253,ST000253,HighRisk,20,50,20,45,0,12,0,30,0.8
2026-07-30T21:22:50.602621,2026-07-30T21:22:50.602623,PRO000254,ST000254,Average,65,85,60,80,10,24,30,58,0.1
2026-07-30T21:22:50.602626,2026-07-30T21:22:50.602628,PRO000255,ST000255,Improving,55,75,50,70,8,20,25,50,0.2
2026-07-30T21:22:50.602631,2026-07-30T21:22:50.602635,PRO000256,ST000256,Good,80,95,75,90,18,28,45,65,0.03
2026-07-30T21:22:50.602639,2026-07-30T21:22:50.602640,PRO000257,ST000257,Improving,55,75,50,70,8,20,25,50,0.2
2026-07-30T21:22:50.602644,2026-07-30T21:22:50.602646,PRO000258,ST000258,Improving,55,75,50,70,8,20,25,50,0.2
2026-07-30T21:22:50.602649,2026-07-30T21:22:50.602651,PRO000259,ST000259,Declining,40,65,35,60,4,16,15,40,0.45
2026-07-30T21:22:50.602654,2026-07-30T21:22:50.602656,PRO000260,ST000260,Improving,55,75,50,70,8,20,25,50,0.2
2026-07-30T21:22:50.602659,2026-07-30T21:22:50.602661,PRO000261,ST000261,Improving,55,75,50,70,8,20,25,50,0.2
2026-07-30T21:22:50.602665,2026-07-30T21:22:50.602666,PRO000262,ST000262,Declining,40,65,35,60,4,16,15,40,0.45
2026-07-30T21:22:50.602670,2026-07-30T21:22:50.602671,PRO000263,ST000263,Average,65,85,60,80,10,24,30,58,0.1
2026-07-30T21:22:50.602675,2026-07-30T21:22:50.602676,PRO000264,ST000264,Good,80,95,75,90,18,28,45,65,0.03
2026-07-30T21:22:50.602680,2026-07-30T21:22:50.602681,PRO000265,ST000265,Average,65,85,60,80,10,24,30,58,0.1
2026-07-30T21:22:50.602685,2026-07-30T21:22:50.602701,PRO000266,ST000266,Improving,55,75,50,70,8,20,25,50,0.2
2026-07-30T21:22:50.602707,2026-07-30T21:22:50.602710,PRO000267,ST000267,Excellent,90,100,90,100,24,30,55,70,0.01
2026-07-30T21:22:50.602713,2026-07-30T21:22:50.602715,PRO000268,ST000268,Average,65,85,60,80,10,24,30,58,0.1
2026-07-30T21:22:50.602719,2026-07-30T21:22:50.602721,PRO000269,ST000269,Declining,40,65,35,60,4,16,15,40,0.45
2026-07-30T21:22:50.602725,2026-07-30T21:22:50.602727,PRO000270,ST000270,Excellent,90,100,90,100,24,30,55,70,0.01
2026-07-30T21:22:50.602731,2026-07-30T21:22:50.602733,PRO000271,ST000271,Good,80,95,75,90,18,28,45,65,0.03
2026-07-30T21:22:50.602737,2026-07-30T21:22:50.602738,PRO000272,ST000272,Average,65,85,60,80,10,24,30,58,0.1
2026-07-30T21:22:50.602742,2026-07-30T21:22:50.602744,PRO000273,ST000273,Excellent,90,100,90,100,24,30,55,70,0.01
2026-07-30T21:22:50.602748,2026-07-30T21:22:50.602750,PRO000274,ST000274,Average,65,85,60,80,10,24,30,58,0.1
2026-07-30T21:22:50.602754,2026-07-30T21:22:50.602756,PRO000275,ST000275,Declining,40,65,35,60,4,16,15,40,0.45
2026-07-30T21:22:50.602762,2026-07-30T21:22:50.602764,PRO000276,ST000276,Average,65,85,60,80,10,24,30,58,0.1
2026-07-30T21:22:50.602768,2026-07-30T21:22:50.602771,PRO000277,ST000277,Improving,55,75,50,70,8,20,25,50,0.2
2026-07-30T21:22:50.603058,2026-07-30T21:22:50.603065,PRO000278,ST000278,Average,65,85,60,80,10,24,30,58,0.1
2026-07-30T21:22:50.603078,2026-07-30T21:22:50.603082,PRO000279,ST000279,Average,65,85,60,80,10,24,30,58,0.1
2026-07-30T21:22:50.603090,2026-07-30T21:22:50.603094,PRO000280,ST000280,Improving,55,75,50,70,8,20,25,50,0.2
2026-07-30T21:22:50.603112,2026-07-30T21:22:50.603118,PRO000281,ST000281,Good,80,95,75,90,18,28,45,65,0.03
2026-07-30T21:22:50.603128,2026-07-30T21:22:50.603130,PRO000282,ST000282,Improving,55,75,50,70,8,20,25,50,0.2
2026-07-30T21:22:50.603134,2026-07-30T21:22:50.603136,PRO000283,ST000283,Declining,40,65,35,60,4,16,15,40,0.45
2026-07-30T21:22:50.603140,2026-07-30T21:22:50.603142,PRO000284,ST000284,Average,65,85,60,80,10,24,30,58,0.1
2026-07-30T21:22:50.603146,2026-07-30T21:22:50.603148,PRO000285,ST000285,Excellent,90,100,90,100,24,30,55,70,0.01
2026-07-30T21:22:50.603152,2026-07-30T21:22:50.603153,PRO000286,ST000286,HighRisk,20,50,20,45,0,12,0,30,0.8
2026-07-30T21:22:50.603157,2026-07-30T21:22:50.603159,PRO000287,ST000287,Good,80,95,75,90,18,28,45,65,0.03
2026-07-30T21:22:50.603163,2026-07-30T21:22:50.603165,PRO000288,ST000288,Good,80,95,75,90,18,28,45,65,0.03
2026-07-30T21:22:50.603169,2026-07-30T21:22:50.603171,PRO000289,ST000289,Declining,40,65,35,60,4,16,15,40,0.45
2026-07-30T21:22:50.603174,2026-07-30T21:22:50.603176,PRO000290,ST000290,Good,80,95,75,90,18,28,45,65,0.03
2026-07-30T21:22:50.603180,2026-07-30T21:22:50.603182,PRO000291,ST000291,Good,80,95,75,90,18,28,45,65,0.03
2026-07-30T21:22:50.603186,2026-07-30T21:22:50.603188,PRO000292,ST000292,Good,80,95,75,90,18,28,45,65,0.03
2026-07-30T21:22:50.603191,2026-07-30T21:22:50.603193,PRO000293,ST000293,Good,80,95,75,90,18,28,45,65,0.03
2026-07-30T21:22:50.603197,2026-07-30T21:22:50.603199,PRO000294,ST000294,HighRisk,20,50,20,45,0,12,0,30,0.8
2026-07-30T21:22:50.603203,2026-07-30T21:22:50.603205,PRO000295,ST000295,Average,65,85,60,80,10,24,30,58,0.1
2026-07-30T21:22:50.603209,2026-07-30T21:22:50.603210,PRO000296,ST000296,Improving,55,75,50,70,8,20,25,50,0.2
2026-07-30T21:22:50.603214,2026-07-30T21:22:50.603216,PRO000297,ST000297,Good,80,95,75,90,18,28,45,65,0.03
2026-07-30T21:22:50.603220,2026-07-30T21:22:50.603222,PRO000298,ST000298,Average,65,85,60,80,10,24,30,58,0.1
2026-07-30T21:22:50.603226,2026-07-30T21:22:50.603228,PRO000299,ST000299,Declining,40,65,35,60,4,16,15,40,0.45
2026-07-30T21:22:50.603231,2026-07-30T21:22:50.603233,PRO000300,ST000300,Good,80,95,75,90,18,28,45,65,0.03
2026-07-30T21:22:50.603237,2026-07-30T21:22:50.603239,PRO000301,ST000301,Good,80,95,75,90,18,28,45,65,0.03
2026-07-30T21:22:50.603243,2026-07-30T21:22:50.603245,PRO000302,ST000302,Good,80,95,75,90,18,28,45,65,0.03
2026-07-30T21:22:50.603248,2026-07-30T21:22:50.603250,PRO000303,ST000303,Good,80,95,75,90,18,28,45,65,0.03
2026-07-30T21:22:50.603256,2026-07-30T21:22:50.603259,PRO000304,ST000304,Improving,55,75,50,70,8,20,25,50,0.2
2026-07-30T21:22:50.603263,2026-07-30T21:22:50.603265,PRO000305,ST000305,Improving,55,75,50,70,8,20,25,50,0.2
2026-07-30T21:22:50.603268,2026-07-30T21:22:50.603270,PRO000306,ST000306,Improving,55,75,50,70,8,20,25,50,0.2
2026-07-30T21:22:50.603274,2026-07-30T21:22:50.603278,PRO000307,ST000307,Declining,40,65,35,60,4,16,15,40,0.45
2026-07-30T21:22:50.603282,2026-07-30T21:22:50.603284,PRO000308,ST000308,Improving,55,75,50,70,8,20,25,50,0.2
2026-07-30T21:22:50.603288,2026-07-30T21:22:50.603290,PRO000309,ST000309,HighRisk,20,50,20,45,0,12,0,30,0.8
2026-07-30T21:22:50.603294,2026-07-30T21:22:50.603296,PRO000310,ST000310,Average,65,85,60,80,10,24,30,58,0.1
2026-07-30T21:22:50.603300,2026-07-30T21:22:50.603302,PRO000311,ST000311,Good,80,95,75,90,18,28,45,65,0.03
2026-07-30T21:22:50.603306,2026-07-30T21:22:50.603308,PRO000312,ST000312,Excellent,90,100,90,100,24,30,55,70,0.01
2026-07-30T21:22:50.603312,2026-07-30T21:22:50.603313,PRO000313,ST000313,Declining,40,65,35,60,4,16,15,40,0.45
2026-07-30T21:22:50.603317,2026-07-30T21:22:50.603319,PRO000314,ST000314,Good,80,95,75,90,18,28,45,65,0.03
2026-07-30T21:22:50.603323,2026-07-30T21:22:50.603325,PRO000315,ST000315,Improving,55,75,50,70,8,20,25,50,0.2
2026-07-30T21:22:50.603329,2026-07-30T21:22:50.603330,PRO000316,ST000316,Good,80,95,75,90,18,28,45,65,0.03
2026-07-30T21:22:50.603334,2026-07-30T21:22:50.603336,PRO000317,ST000317,Average,65,85,60,80,10,24,30,58,0.1
2026-07-30T21:22:50.603340,2026-07-30T21:22:50.603342,PRO000318,ST000318,Improving,55,75,50,70,8,20,25,50,0.2
2026-07-30T21:22:50.603346,2026-07-30T21:22:50.603348,PRO000319,ST000319,Improving,55,75,50,70,8,20,25,50,0.2
2026-07-30T21:22:50.603352,2026-07-30T21:22:50.603354,PRO000320,ST000320,Average,65,85,60,80,10,24,30,58,0.1
2026-07-30T21:22:50.603357,2026-07-30T21:22:50.603359,PRO000321,ST000321,Improving,55,75,50,70,8,20,25,50,0.2
2026-07-30T21:22:50.603363,2026-07-30T21:22:50.603365,PRO000322,ST000322,Improving,55,75,50,70,8,20,25,50,0.2
2026-07-30T21:22:50.603369,2026-07-30T21:22:50.603371,PRO000323,ST000323,Improving,55,75,50,70,8,20,25,50,0.2
2026-07-30T21:22:50.603375,2026-07-30T21:22:50.603377,PRO000324,ST000324,Good,80,95,75,90,18,28,45,65,0.03
2026-07-30T21:22:50.603380,2026-07-30T21:22:50.603382,PRO000325,ST000325,Improving,55,75,50,70,8,20,25,50,0.2
2026-07-30T21:22:50.603386,2026-07-30T21:22:50.603388,PRO000326,ST000326,Good,80,95,75,90,18,28,45,65,0.03
2026-07-30T21:22:50.603392,2026-07-30T21:22:50.603394,PRO000327,ST000327,Good,80,95,75,90,18,28,45,65,0.03
2026-07-30T21:22:50.603398,2026-07-30T21:22:50.603400,PRO000328,ST000328,Average,65,85,60,80,10,24,30,58,0.1
2026-07-30T21:22:50.603404,2026-07-30T21:22:50.603405,PRO000329,ST000329,Average,65,85,60,80,10,24,30,58,0.1
2026-07-30T21:22:50.603409,2026-07-30T21:22:50.603411,PRO000330,ST000330,Excellent,90,100,90,100,24,30,55,70,0.01
2026-07-30T21:22:50.603417,2026-07-30T21:22:50.603420,PRO000331,ST000331,Average,65,85,60,80,10,24,30,58,0.1
2026-07-30T21:22:50.603426,2026-07-30T21:22:50.603428,PRO000332,ST000332,Excellent,90,100,90,100,24,30,55,70,0.01
2026-07-30T21:22:50.603432,2026-07-30T21:22:50.603436,PRO000333,ST000333,Average,65,85,60,80,10,24,30,58,0.1
2026-07-30T21:22:50.603440,2026-07-30T21:22:50.603442,PRO000334,ST000334,Good,80,95,75,90,18,28,45,65,0.03
2026-07-30T21:22:50.603446,2026-07-30T21:22:50.603448,PRO000335,ST000335,Average,65,85,60,80,10,24,30,58,0.1
2026-07-30T21:22:50.603452,2026-07-30T21:22:50.603454,PRO000336,ST000336,Declining,40,65,35,60,4,16,15,40,0.45
2026-07-30T21:22:50.603458,2026-07-30T21:22:50.603459,PRO000337,ST000337,Excellent,90,100,90,100,24,30,55,70,0.01
2026-07-30T21:22:50.603463,2026-07-30T21:22:50.603465,PRO000338,ST000338,Average,65,85,60,80,10,24,30,58,0.1
2026-07-30T21:22:50.603469,2026-07-30T21:22:50.603471,PRO000339,ST000339,Average,65,85,60,80,10,24,30,58,0.1
2026-07-30T21:22:50.603475,2026-07-30T21:22:50.603477,PRO000340,ST000340,Average,65,85,60,80,10,24,30,58,0.1
2026-07-30T21:22:50.603481,2026-07-30T21:22:50.603483,PRO000341,ST000341,Average,65,85,60,80,10,24,30,58,0.1
2026-07-30T21:22:50.603487,2026-07-30T21:22:50.603489,PRO000342,ST000342,Declining,40,65,35,60,4,16,15,40,0.45
2026-07-30T21:22:50.603493,2026-07-30T21:22:50.603495,PRO000343,ST000343,Average,65,85,60,80,10,24,30,58,0.1
2026-07-30T21:22:50.603498,2026-07-30T21:22:50.603500,PRO000344,ST000344,Good,80,95,75,90,18,28,45,65,0.03
2026-07-30T21:22:50.603504,2026-07-30T21:22:50.603506,PRO000345,ST000345,Average,65,85,60,80,10,24,30,58,0.1
2026-07-30T21:22:50.603510,2026-07-30T21:22:50.603512,PRO000346,ST000346,Declining,40,65,35,60,4,16,15,40,0.45
2026-07-30T21:22:50.603516,2026-07-30T21:22:50.603518,PRO000347,ST000347,Average,65,85,60,80,10,24,30,58,0.1
2026-07-30T21:22:50.603522,2026-07-30T21:22:50.603523,PRO000348,ST000348,Good,80,95,75,90,18,28,45,65,0.03
2026-07-30T21:22:50.603527,2026-07-30T21:22:50.603529,PRO000349,ST000349,Average,65,85,60,80,10,24,30,58,0.1
2026-07-30T21:22:50.603533,2026-07-30T21:22:50.603535,PRO000350,ST000350,Declining,40,65,35,60,4,16,15,40,0.45
2026-07-30T21:22:50.603539,2026-07-30T21:22:50.603541,PRO000351,ST000351,Declining,40,65,35,60,4,16,15,40,0.45
2026-07-30T21:22:50.603545,2026-07-30T21:22:50.603546,PRO000352,ST000352,Average,65,85,60,80,10,24,30,58,0.1
2026-07-30T21:22:50.603550,2026-07-30T21:22:50.603552,PRO000353,ST000353,Good,80,95,75,90,18,28,45,65,0.03
2026-07-30T21:22:50.603556,2026-07-30T21:22:50.603558,PRO000354,ST000354,Average,65,85,60,80,10,24,30,58,0.1
2026-07-30T21:22:50.603562,2026-07-30T21:22:50.603564,PRO000355,ST000355,Average,65,85,60,80,10,24,30,58,0.1
2026-07-30T21:22:50.603568,2026-07-30T21:22:50.603570,PRO000356,ST000356,Excellent,90,100,90,100,24,30,55,70,0.01
2026-07-30T21:22:50.603573,2026-07-30T21:22:50.603575,PRO000357,ST000357,Good,80,95,75,90,18,28,45,65,0.03
2026-07-30T21:22:50.603579,2026-07-30T21:22:50.603584,PRO000358,ST000358,Excellent,90,100,90,100,24,30,55,70,0.01
2026-07-30T21:22:50.603588,2026-07-30T21:22:50.603590,PRO000359,ST000359,Average,65,85,60,80,10,24,30,58,0.1
2026-07-30T21:22:50.603603,2026-07-30T21:22:50.603605,PRO000360,ST000360,Average,65,85,60,80,10,24,30,58,0.1
2026-07-30T21:22:50.603609,2026-07-30T21:22:50.603611,PRO000361,ST000361,HighRisk,20,50,20,45,0,12,0,30,0.8
2026-07-30T21:22:50.603616,2026-07-30T21:22:50.603618,PRO000362,ST000362,Excellent,90,100,90,100,24,30,55,70,0.01
2026-07-30T21:22:50.603622,2026-07-30T21:22:50.603624,PRO000363,ST000363,Declining,40,65,35,60,4,16,15,40,0.45
2026-07-30T21:22:50.603628,2026-07-30T21:22:50.603630,PRO000364,ST000364,Good,80,95,75,90,18,28,45,65,0.03
2026-07-30T21:22:50.603634,2026-07-30T21:22:50.603636,PRO000365,ST000365,HighRisk,20,50,20,45,0,12,0,30,0.8
2026-07-30T21:22:50.603640,2026-07-30T21:22:50.603642,PRO000366,ST000366,Average,65,85,60,80,10,24,30,58,0.1
2026-07-30T21:22:50.603646,2026-07-30T21:22:50.603662,PRO000367,ST000367,Improving,55,75,50,70,8,20,25,50,0.2
2026-07-30T21:22:50.603666,2026-07-30T21:22:50.603667,PRO000368,ST000368,HighRisk,20,50,20,45,0,12,0,30,0.8
2026-07-30T21:22:50.603671,2026-07-30T21:22:50.603673,PRO000369,ST000369,HighRisk,20,50,20,45,0,12,0,30,0.8
2026-07-30T21:22:50.603677,2026-07-30T21:22:50.603679,PRO000370,ST000370,Good,80,95,75,90,18,28,45,65,0.03
2026-07-30T21:22:50.603683,2026-07-30T21:22:50.603684,PRO000371,ST000371,HighRisk,20,50,20,45,0,12,0,30,0.8
2026-07-30T21:22:50.603688,2026-07-30T21:22:50.603690,PRO000372,ST000372,Average,65,85,60,80,10,24,30,58,0.1
2026-07-30T21:22:50.603694,2026-07-30T21:22:50.603696,PRO000373,ST000373,Improving,55,75,50,70,8,20,25,50,0.2
2026-07-30T21:22:50.603700,2026-07-30T21:22:50.603702,PRO000374,ST000374,Average,65,85,60,80,10,24,30,58,0.1
2026-07-30T21:22:50.603705,2026-07-30T21:22:50.603707,PRO000375,ST000375,Average,65,85,60,80,10,24,30,58,0.1
2026-07-30T21:22:50.603711,2026-07-30T21:22:50.603713,PRO000376,ST000376,Declining,40,65,35,60,4,16,15,40,0.45
2026-07-30T21:22:50.603717,2026-07-30T21:22:50.603719,PRO000377,ST000377,Improving,55,75,50,70,8,20,25,50,0.2
2026-07-30T21:22:50.603722,2026-07-30T21:22:50.603724,PRO000378,ST000378,Improving,55,75,50,70,8,20,25,50,0.2
2026-07-30T21:22:50.603728,2026-07-30T21:22:50.603730,PRO000379,ST000379,Average,65,85,60,80,10,24,30,58,0.1
2026-07-30T21:22:50.603733,2026-07-30T21:22:50.603735,PRO000380,ST000380,Declining,40,65,35,60,4,16,15,40,0.45
2026-07-30T21:22:50.603739,2026-07-30T21:22:50.603741,PRO000381,ST000381,Average,65,85,60,80,10,24,30,58,0.1
2026-07-30T21:22:50.603745,2026-07-30T21:22:50.603747,PRO000382,ST000382,Declining,40,65,35,60,4,16,15,40,0.45
2026-07-30T21:22:50.603751,2026-07-30T21:22:50.603753,PRO000383,ST000383,Excellent,90,100,90,100,24,30,55,70,0.01
2026-07-30T21:22:50.603759,2026-07-30T21:22:50.603761,PRO000384,ST000384,Average,65,85,60,80,10,24,30,58,0.1
2026-07-30T21:22:50.603765,2026-07-30T21:22:50.603767,PRO000385,ST000385,Good,80,95,75,90,18,28,45,65,0.03
2026-07-30T21:22:50.603771,2026-07-30T21:22:50.603773,PRO000386,ST000386,Average,65,85,60,80,10,24,30,58,0.1
2026-07-30T21:22:50.603777,2026-07-30T21:22:50.603779,PRO000387,ST000387,Good,80,95,75,90,18,28,45,65,0.03
2026-07-30T21:22:50.603783,2026-07-30T21:22:50.603785,PRO000388,ST000388,Good,80,95,75,90,18,28,45,65,0.03
2026-07-30T21:22:50.603791,2026-07-30T21:22:50.603793,PRO000389,ST000389,Average,65,85,60,80,10,24,30,58,0.1
2026-07-30T21:22:50.603797,2026-07-30T21:22:50.603799,PRO000390,ST000390,Average,65,85,60,80,10,24,30,58,0.1
2026-07-30T21:22:50.603803,2026-07-30T21:22:50.603805,PRO000391,ST000391,HighRisk,20,50,20,45,0,12,0,30,0.8
2026-07-30T21:22:50.603808,2026-07-30T21:22:50.603810,PRO000392,ST000392,Improving,55,75,50,70,8,20,25,50,0.2
2026-07-30T21:22:50.603814,2026-07-30T21:22:50.603816,PRO000393,ST000393,Improving,55,75,50,70,8,20,25,50,0.2
2026-07-30T21:22:50.603820,2026-07-30T21:22:50.603822,PRO000394,ST000394,Declining,40,65,35,60,4,16,15,40,0.45
2026-07-30T21:22:50.603828,2026-07-30T21:22:50.603830,PRO000395,ST000395,Improving,55,75,50,70,8,20,25,50,0.2
2026-07-30T21:22:50.603834,2026-07-30T21:22:50.603835,PRO000396,ST000396,HighRisk,20,50,20,45,0,12,0,30,0.8
2026-07-30T21:22:50.603839,2026-07-30T21:22:50.603841,PRO000397,ST000397,Average,65,85,60,80,10,24,30,58,0.1
2026-07-30T21:22:50.603845,2026-07-30T21:22:50.603847,PRO000398,ST000398,Average,65,85,60,80,10,24,30,58,0.1
2026-07-30T21:22:50.603851,2026-07-30T21:22:50.603853,PRO000399,ST000399,HighRisk,20,50,20,45,0,12,0,30,0.8
2026-07-30T21:22:50.603856,2026-07-30T21:22:50.603858,PRO000400,ST000400,HighRisk,20,50,20,45,0,12,0,30,0.8
2026-07-30T21:22:50.603862,2026-07-30T21:22:50.603864,PRO000401,ST000401,Declining,40,65,35,60,4,16,15,40,0.45
2026-07-30T21:22:50.603868,2026-07-30T21:22:50.603870,PRO000402,ST000402,Average,65,85,60,80,10,24,30,58,0.1
2026-07-30T21:22:50.603874,2026-07-30T21:22:50.603876,PRO000403,ST000403,Average,65,85,60,80,10,24,30,58,0.1
2026-07-30T21:22:50.603880,2026-07-30T21:22:50.603882,PRO000404,ST000404,Good,80,95,75,90,18,28,45,65,0.03
2026-07-30T21:22:50.603885,2026-07-30T21:22:50.603887,PRO000405,ST000405,Average,65,85,60,80,10,24,30,58,0.1
2026-07-30T21:22:50.603891,2026-07-30T21:22:50.603893,PRO000406,ST000406,Average,65,85,60,80,10,24,30,58,0.1
2026-07-30T21:22:50.603897,2026-07-30T21:22:50.603898,PRO000407,ST000407,Average,65,85,60,80,10,24,30,58,0.1
2026-07-30T21:22:50.603902,2026-07-30T21:22:50.603904,PRO000408,ST000408,Declining,40,65,35,60,4,16,15,40,0.45
2026-07-30T21:22:50.603908,2026-07-30T21:22:50.603912,PRO000409,ST000409,Improving,55,75,50,70,8,20,25,50,0.2
2026-07-30T21:22:50.603916,2026-07-30T21:22:50.603918,PRO000410,ST000410,Average,65,85,60,80,10,24,30,58,0.1
2026-07-30T21:22:50.603922,2026-07-30T21:22:50.603924,PRO000411,ST000411,Average,65,85,60,80,10,24,30,58,0.1
2026-07-30T21:22:50.603928,2026-07-30T21:22:50.603929,PRO000412,ST000412,Improving,55,75,50,70,8,20,25,50,0.2
2026-07-30T21:22:50.603934,2026-07-30T21:22:50.603935,PRO000413,ST000413,HighRisk,20,50,20,45,0,12,0,30,0.8
2026-07-30T21:22:50.603939,2026-07-30T21:22:50.603941,PRO000414,ST000414,Good,80,95,75,90,18,28,45,65,0.03
2026-07-30T21:22:50.603945,2026-07-30T21:22:50.603947,PRO000415,ST000415,Average,65,85,60,80,10,24,30,58,0.1
2026-07-30T21:22:50.603951,2026-07-30T21:22:50.603953,PRO000416,ST000416,HighRisk,20,50,20,45,0,12,0,30,0.8
2026-07-30T21:22:50.603962,2026-07-30T21:22:50.603964,PRO000417,ST000417,Good,80,95,75,90,18,28,45,65,0.03
2026-07-30T21:22:50.603968,2026-07-30T21:22:50.603970,PRO000418,ST000418,Average,65,85,60,80,10,24,30,58,0.1
2026-07-30T21:22:50.603975,2026-07-30T21:22:50.603976,PRO000419,ST000419,Good,80,95,75,90,18,28,45,65,0.03
2026-07-30T21:22:50.603980,2026-07-30T21:22:50.603982,PRO000420,ST000420,Good,80,95,75,90,18,28,45,65,0.03
2026-07-30T21:22:50.603986,2026-07-30T21:22:50.603988,PRO000421,ST000421,Average,65,85,60,80,10,24,30,58,0.1
2026-07-30T21:22:50.603993,2026-07-30T21:22:50.603995,PRO000422,ST000422,Improving,55,75,50,70,8,20,25,50,0.2
2026-07-30T21:22:50.603998,2026-07-30T21:22:50.604000,PRO000423,ST000423,Good,80,95,75,90,18,28,45,65,0.03
2026-07-30T21:22:50.604004,2026-07-30T21:22:50.604006,PRO000424,ST000424,Good,80,95,75,90,18,28,45,65,0.03
2026-07-30T21:22:50.604010,2026-07-30T21:22:50.604011,PRO000425,ST000425,Improving,55,75,50,70,8,20,25,50,0.2
2026-07-30T21:22:50.604015,2026-07-30T21:22:50.604017,PRO000426,ST000426,Declining,40,65,35,60,4,16,15,40,0.45
2026-07-30T21:22:50.604021,2026-07-30T21:22:50.604022,PRO000427,ST000427,Average,65,85,60,80,10,24,30,58,0.1
2026-07-30T21:22:50.604026,2026-07-30T21:22:50.604028,PRO000428,ST000428,HighRisk,20,50,20,45,0,12,0,30,0.8
2026-07-30T21:22:50.604032,2026-07-30T21:22:50.604034,PRO000429,ST000429,Improving,55,75,50,70,8,20,25,50,0.2
2026-07-30T21:22:50.604037,2026-07-30T21:22:50.604039,PRO000430,ST000430,Declining,40,65,35,60,4,16,15,40,0.45
2026-07-30T21:22:50.604043,2026-07-30T21:22:50.604045,PRO000431,ST000431,Average,65,85,60,80,10,24,30,58,0.1
2026-07-30T21:22:50.604049,2026-07-30T21:22:50.604050,PRO000432,ST000432,Improving,55,75,50,70,8,20,25,50,0.2
2026-07-30T21:22:50.604054,2026-07-30T21:22:50.604056,PRO000433,ST000433,Declining,40,65,35,60,4,16,15,40,0.45
2026-07-30T21:22:50.604060,2026-07-30T21:22:50.604062,PRO000434,ST000434,Declining,40,65,35,60,4,16,15,40,0.45
2026-07-30T21:22:50.604065,2026-07-30T21:22:50.604070,PRO000435,ST000435,Good,80,95,75,90,18,28,45,65,0.03
2026-07-30T21:22:50.604074,2026-07-30T21:22:50.604075,PRO000436,ST000436,Improving,55,75,50,70,8,20,25,50,0.2
2026-07-30T21:22:50.604079,2026-07-30T21:22:50.604081,PRO000437,ST000437,Good,80,95,75,90,18,28,45,65,0.03
2026-07-30T21:22:50.604085,2026-07-30T21:22:50.604087,PRO000438,ST000438,Good,80,95,75,90,18,28,45,65,0.03
2026-07-30T21:22:50.604090,2026-07-30T21:22:50.604092,PRO000439,ST000439,Average,65,85,60,80,10,24,30,58,0.1
2026-07-30T21:22:50.604102,2026-07-30T21:22:50.604104,PRO000440,ST000440,Good,80,95,75,90,18,28,45,65,0.03
2026-07-30T21:22:50.604108,2026-07-30T21:22:50.604110,PRO000441,ST000441,Excellent,90,100,90,100,24,30,55,70,0.01
2026-07-30T21:22:50.604114,2026-07-30T21:22:50.604116,PRO000442,ST000442,Improving,55,75,50,70,8,20,25,50,0.2
2026-07-30T21:22:50.604120,2026-07-30T21:22:50.604122,PRO000443,ST000443,Improving,55,75,50,70,8,20,25,50,0.2
2026-07-30T21:22:50.604125,2026-07-30T21:22:50.604127,PRO000444,ST000444,Excellent,90,100,90,100,24,30,55,70,0.01
2026-07-30T21:22:50.604133,2026-07-30T21:22:50.604135,PRO000445,ST000445,Good,80,95,75,90,18,28,45,65,0.03
2026-07-30T21:22:50.604139,2026-07-30T21:22:50.604141,PRO000446,ST000446,Average,65,85,60,80,10,24,30,58,0.1
2026-07-30T21:22:50.604145,2026-07-30T21:22:50.604147,PRO000447,ST000447,Average,65,85,60,80,10,24,30,58,0.1
2026-07-30T21:22:50.604150,2026-07-30T21:22:50.604152,PRO000448,ST000448,Average,65,85,60,80,10,24,30,58,0.1
2026-07-30T21:22:50.604156,2026-07-30T21:22:50.604158,PRO000449,ST000449,Average,65,85,60,80,10,24,30,58,0.1
2026-07-30T21:22:50.604162,2026-07-30T21:22:50.604163,PRO000450,ST000450,Declining,40,65,35,60,4,16,15,40,0.45
2026-07-30T21:22:50.604168,2026-07-30T21:22:50.604169,PRO000451,ST000451,Improving,55,75,50,70,8,20,25,50,0.2
2026-07-30T21:22:50.604173,2026-07-30T21:22:50.604175,PRO000452,ST000452,Declining,40,65,35,60,4,16,15,40,0.45
2026-07-30T21:22:50.604179,2026-07-30T21:22:50.604181,PRO000453,ST000453,Good,80,95,75,90,18,28,45,65,0.03
2026-07-30T21:22:50.604185,2026-07-30T21:22:50.604187,PRO000454,ST000454,Good,80,95,75,90,18,28,45,65,0.03
2026-07-30T21:22:50.604192,2026-07-30T21:22:50.604194,PRO000455,ST000455,Good,80,95,75,90,18,28,45,65,0.03
2026-07-30T21:22:50.604200,2026-07-30T21:22:50.604204,PRO000456,ST000456,Average,65,85,60,80,10,24,30,58,0.1
2026-07-30T21:22:50.604208,2026-07-30T21:22:50.604210,PRO000457,ST000457,Improving,55,75,50,70,8,20,25,50,0.2
2026-07-30T21:22:50.604215,2026-07-30T21:22:50.604217,PRO000458,ST000458,Average,65,85,60,80,10,24,30,58,0.1
2026-07-30T21:22:50.604226,2026-07-30T21:22:50.604228,PRO000459,ST000459,Good,80,95,75,90,18,28,45,65,0.03
2026-07-30T21:22:50.604232,2026-07-30T21:22:50.604236,PRO000460,ST000460,Average,65,85,60,80,10,24,30,58,0.1
2026-07-30T21:22:50.604240,2026-07-30T21:22:50.604242,PRO000461,ST000461,Average,65,85,60,80,10,24,30,58,0.1
2026-07-30T21:22:50.604246,2026-07-30T21:22:50.604247,PRO000462,ST000462,Average,65,85,60,80,10,24,30,58,0.1
2026-07-30T21:22:50.604251,2026-07-30T21:22:50.604253,PRO000463,ST000463,Good,80,95,75,90,18,28,45,65,0.03
2026-07-30T21:22:50.604257,2026-07-30T21:22:50.604259,PRO000464,ST000464,Declining,40,65,35,60,4,16,15,40,0.45
2026-07-30T21:22:50.604263,2026-07-30T21:22:50.604265,PRO000465,ST000465,Average,65,85,60,80,10,24,30,58,0.1
2026-07-30T21:22:50.604268,2026-07-30T21:22:50.604270,PRO000466,ST000466,Average,65,85,60,80,10,24,30,58,0.1
2026-07-30T21:22:50.604274,2026-07-30T21:22:50.604276,PRO000467,ST000467,Average,65,85,60,80,10,24,30,58,0.1
2026-07-30T21:22:50.604280,2026-07-30T21:22:50.604282,PRO000468,ST000468,Excellent,90,100,90,100,24,30,55,70,0.01
2026-07-30T21:22:50.604286,2026-07-30T21:22:50.604287,PRO000469,ST000469,Good,80,95,75,90,18,28,45,65,0.03
2026-07-30T21:22:50.604291,2026-07-30T21:22:50.604293,PRO000470,ST000470,Improving,55,75,50,70,8,20,25,50,0.2
2026-07-30T21:22:50.604297,2026-07-30T21:22:50.604299,PRO000471,ST000471,Improving,55,75,50,70,8,20,25,50,0.2
2026-07-30T21:22:50.604303,2026-07-30T21:22:50.604304,PRO000472,ST000472,Declining,40,65,35,60,4,16,15,40,0.45
2026-07-30T21:22:50.604315,2026-07-30T21:22:50.604317,PRO000473,ST000473,Average,65,85,60,80,10,24,30,58,0.1
2026-07-30T21:22:50.604321,2026-07-30T21:22:50.604323,PRO000474,ST000474,Declining,40,65,35,60,4,16,15,40,0.45
2026-07-30T21:22:50.604327,2026-07-30T21:22:50.604328,PRO000475,ST000475,Good,80,95,75,90,18,28,45,65,0.03
2026-07-30T21:22:50.604332,2026-07-30T21:22:50.604334,PRO000476,ST000476,Average,65,85,60,80,10,24,30,58,0.1
2026-07-30T21:22:50.604338,2026-07-30T21:22:50.604340,PRO000477,ST000477,Average,65,85,60,80,10,24,30,58,0.1
2026-07-30T21:22:50.604344,2026-07-30T21:22:50.604346,PRO000478,ST000478,Average,65,85,60,80,10,24,30,58,0.1
2026-07-30T21:22:50.604351,2026-07-30T21:22:50.604352,PRO000479,ST000479,Average,65,85,60,80,10,24,30,58,0.1
2026-07-30T21:22:50.604357,2026-07-30T21:22:50.604358,PRO000480,ST000480,Average,65,85,60,80,10,24,30,58,0.1
2026-07-30T21:22:50.604362,2026-07-30T21:22:50.604364,PRO000481,ST000481,Good,80,95,75,90,18,28,45,65,0.03
2026-07-30T21:22:50.604368,2026-07-30T21:22:50.604370,PRO000482,ST000482,Improving,55,75,50,70,8,20,25,50,0.2
2026-07-30T21:22:50.604374,2026-07-30T21:22:50.604376,PRO000483,ST000483,Good,80,95,75,90,18,28,45,65,0.03
2026-07-30T21:22:50.604380,2026-07-30T21:22:50.604382,PRO000484,ST000484,Improving,55,75,50,70,8,20,25,50,0.2
2026-07-30T21:22:50.604386,2026-07-30T21:22:50.604387,PRO000485,ST000485,Average,65,85,60,80,10,24,30,58,0.1
2026-07-30T21:22:50.604394,2026-07-30T21:22:50.604396,PRO000486,ST000486,Declining,40,65,35,60,4,16,15,40,0.45
2026-07-30T21:22:50.604400,2026-07-30T21:22:50.604402,PRO000487,ST000487,Good,80,95,75,90,18,28,45,65,0.03
2026-07-30T21:22:50.604406,2026-07-30T21:22:50.604408,PRO000488,ST000488,HighRisk,20,50,20,45,0,12,0,30,0.8
2026-07-30T21:22:50.604412,2026-07-30T21:22:50.604414,PRO000489,ST000489,Improving,55,75,50,70,8,20,25,50,0.2
2026-07-30T21:22:50.604418,2026-07-30T21:22:50.604420,PRO000490,ST000490,Average,65,85,60,80,10,24,30,58,0.1
2026-07-30T21:22:50.604424,2026-07-30T21:22:50.604426,PRO000491,ST000491,Declining,40,65,35,60,4,16,15,40,0.45
2026-07-30T21:22:50.604430,2026-07-30T21:22:50.604432,PRO000492,ST000492,Excellent,90,100,90,100,24,30,55,70,0.01
2026-07-30T21:22:50.604437,2026-07-30T21:22:50.604439,PRO000493,ST000493,Good,80,95,75,90,18,28,45,65,0.03
2026-07-30T21:22:50.604444,2026-07-30T21:22:50.604446,PRO000494,ST000494,Good,80,95,75,90,18,28,45,65,0.03
2026-07-30T21:22:50.604451,2026-07-30T21:22:50.604453,PRO000495,ST000495,Declining,40,65,35,60,4,16,15,40,0.45
2026-07-30T21:22:50.604460,2026-07-30T21:22:50.604462,PRO000496,ST000496,Average,65,85,60,80,10,24,30,58,0.1
2026-07-30T21:22:50.604467,2026-07-30T21:22:50.604469,PRO000497,ST000497,Improving,55,75,50,70,8,20,25,50,0.2
2026-07-30T21:22:50.604473,2026-07-30T21:22:50.604475,PRO000498,ST000498,Good,80,95,75,90,18,28,45,65,0.03
2026-07-30T21:22:50.604480,2026-07-30T21:22:50.604481,PRO000499,ST000499,Average,65,85,60,80,10,24,30,58,0.1
2026-07-30T21:22:50.604486,2026-07-30T21:22:50.604488,PRO000500,ST000500,Good,80,95,75,90,18,28,45,65,0.03
