created_at,updated_at,student_id,roll_number,first_name,last_name,gender,date_of_birth,email,phone,department_id,academic_year_id,semester_id,is_active
2026-07-30T14:48:25.546554,2026-07-30T14:48:25.546559,ST000001,AIML2023001,Logan,Pillay,Male,2004-08-16,logan.pillay1@student.college.edu,8694080647,DEP000001,AY000004,SEM000007,True
2026-07-30T14:48:25.546631,2026-07-30T14:48:25.546635,ST000002,AIML2023002,Chavvi,Halder,Female,2006-03-05,chavvi.halder2@student.college.edu,9659477946,DEP000001,AY000004,SEM000007,True
2026-07-30T14:48:25.546691,2026-07-30T14:48:25.546694,ST000003,AIML2023003,Pahal,Narayanan,Female,2005-02-04,pahal.narayanan3@student.college.edu,7679603343,DEP000001,AY000004,SEM000007,True
2026-07-30T14:48:25.546757,2026-07-30T14:48:25.546760,ST000004,AIML2023004,Robert,Mammen,Male,2004-12-02,robert.mammen4@student.college.edu,7315675252,DEP000001,AY000004,SEM000007,True
2026-07-30T14:48:25.546808,2026-07-30T14:48:25.546811,ST000005,AIML2023005,Vihaan,Madan,Male,2004-01-29,vihaan.madan5@student.college.edu,7056453596,DEP000001,AY000004,SEM000007,True
2026-07-30T14:48:25.546856,2026-07-30T14:48:25.546859,ST000006,AIML2023006,Chatura,Kapadia,Male,2006-05-26,chatura.kapadia6@student.college.edu,7747287788,DEP000001,AY000004,SEM000007,True
2026-07-30T14:48:25.546907,2026-07-30T14:48:25.546910,ST000007,AIML2023007,Bachittar,Radhakrishnan,Male,2006-07-11,bachittar.radhakrishnan7@student.college.edu,6225802816,DEP000001,AY000004,SEM000007,True
2026-07-30T14:48:25.546954,2026-07-30T14:48:25.546957,ST000008,AIML2023008,Kala,Dalal,Female,2005-09-11,kala.dalal8@student.college.edu,7883760833,DEP000001,AY000004,SEM000007,True
2026-07-30T14:48:25.546999,2026-07-30T14:48:25.547002,ST000009,AIML2023009,Zarna,Gopal,Female,2003-12-25,zarna.gopal9@student.college.edu,8020458864,DEP000001,AY000004,SEM000007,True
2026-07-30T14:48:25.547045,2026-07-30T14:48:25.547048,ST000010,AIML2023010,Nitesh,Badal,Male,2006-01-08,nitesh.badal10@student.college.edu,8888800863,DEP000001,AY000004,SEM000007,True
2026-07-30T14:48:25.547091,2026-07-30T14:48:25.547093,ST000011,AIML2023011,Gunbir,Pal,Male,2005-02-24,gunbir.pal11@student.college.edu,8026370220,DEP000001,AY000004,SEM000007,True
2026-07-30T14:48:25.547138,2026-07-30T14:48:25.547140,ST000012,AIML2023012,Hema,Ramanathan,Female,2004-07-21,hema.ramanathan12@student.college.edu,6178498282,DEP000001,AY000004,SEM000007,True
2026-07-30T14:48:25.547183,2026-07-30T14:48:25.547195,ST000013,AIML2023013,Bhavna,Murthy,Female,2003-12-14,bhavna.murthy13@student.college.edu,7802335991,DEP000001,AY000004,SEM000007,True
2026-07-30T14:48:25.547242,2026-07-30T14:48:25.547245,ST000014,AIML2023014,Atharv,Rau,Male,2006-01-29,atharv.rau14@student.college.edu,6158319874,DEP000001,AY000004,SEM000007,True
2026-07-30T14:48:25.547287,2026-07-30T14:48:25.547289,ST000015,AIML2023015,Ijaya,Master,Female,2004-10-23,ijaya.master15@student.college.edu,8779329526,DEP000001,AY000004,SEM000007,True
2026-07-30T14:48:25.547330,2026-07-30T14:48:25.547333,ST000016,AIML2023016,Gabriel,Dalal,Male,2004-10-14,gabriel.dalal16@student.college.edu,6688931178,DEP000001,AY000004,SEM000007,True
2026-07-30T14:48:25.547375,2026-07-30T14:48:25.547378,ST000017,AIML2023017,Harini,Chacko,Female,2005-02-07,harini.chacko17@student.college.edu,8374083831,DEP000001,AY000004,SEM000007,True
2026-07-30T14:48:25.547419,2026-07-30T14:48:25.547435,ST000018,AIML2023018,Neha,Saini,Female,2005-11-10,neha.saini18@student.college.edu,7100677735,DEP000001,AY000004,SEM000007,True
2026-07-30T14:48:25.547470,2026-07-30T14:48:25.547473,ST000019,AIML2023019,Faris,Shenoy,Male,2003-08-10,faris.shenoy19@student.college.edu,8500146063,DEP000001,AY000004,SEM000007,True
2026-07-30T14:48:25.547507,2026-07-30T14:48:25.547509,ST000020,AIML2023020,Pallavi,Walla,Female,2005-12-16,pallavi.walla20@student.college.edu,7120372986,DEP000001,AY000004,SEM000007,True
2026-07-30T14:48:25.547547,2026-07-30T14:48:25.547550,ST000021,AIML2023021,Gautami,Magar,Female,2003-08-11,gautami.magar21@student.college.edu,7691088538,DEP000001,AY000004,SEM000007,True
2026-07-30T14:48:25.547585,2026-07-30T14:48:25.547588,ST000022,AIML2023022,Gabriel,Mammen,Male,2004-07-18,gabriel.mammen22@student.college.edu,6958252805,DEP000001,AY000004,SEM000007,True
2026-07-30T14:48:25.547633,2026-07-30T14:48:25.547636,ST000023,AIML2023023,Lila,Loyal,Female,2005-10-15,lila.loyal23@student.college.edu,9463096888,DEP000001,AY000004,SEM000007,True
2026-07-30T14:48:25.547672,2026-07-30T14:48:25.547674,ST000024,AIML2023024,Ekapad,Iyengar,Male,2004-01-03,ekapad.iyengar24@student.college.edu,7549028353,DEP000001,AY000004,SEM000007,True
2026-07-30T14:48:25.547739,2026-07-30T14:48:25.547743,ST000025,AIML2023025,Liam,Kaul,Male,2004-03-29,liam.kaul25@student.college.edu,6314683870,DEP000001,AY000004,SEM000007,True
2026-07-30T14:48:25.547784,2026-07-30T14:48:25.547786,ST000026,AIML2023026,Amol,Dara,Male,2005-12-12,amol.dara26@student.college.edu,9571755087,DEP000001,AY000004,SEM000007,True
2026-07-30T14:48:25.547824,2026-07-30T14:48:25.547827,ST000027,AIML2023027,Abdul,Bahl,Male,2005-09-17,abdul.bahl27@student.college.edu,9255813293,DEP000001,AY000004,SEM000007,True
2026-07-30T14:48:25.547864,2026-07-30T14:48:25.547866,ST000028,AIML2023028,Isaiah,Sen,Male,2004-09-25,isaiah.sen28@student.college.edu,8207317438,DEP000001,AY000004,SEM000007,True
2026-07-30T14:48:25.547902,2026-07-30T14:48:25.547904,ST000029,AIML2023029,Chanchal,Mohanty,Female,2003-11-21,chanchal.mohanty29@student.college.edu,7137357811,DEP000001,AY000004,SEM000007,True
2026-07-30T14:48:25.547939,2026-07-30T14:48:25.547946,ST000030,AIML2023030,Meera,Ravi,Female,2005-06-28,meera.ravi30@student.college.edu,6149208043,DEP000001,AY000004,SEM000007,True
2026-07-30T14:48:25.547985,2026-07-30T14:48:25.547988,ST000031,AIML2023031,Champak,Bakshi,Male,2003-09-09,champak.bakshi31@student.college.edu,9887741205,DEP000001,AY000004,SEM000007,True
2026-07-30T14:48:25.548022,2026-07-30T14:48:25.548025,ST000032,AIML2023032,Fitan,Agarwal,Male,2005-02-11,fitan.agarwal32@student.college.edu,8856009614,DEP000001,AY000004,SEM000007,True
2026-07-30T14:48:25.548060,2026-07-30T14:48:25.548062,ST000033,AIML2023033,Jacob,Sidhu,Male,2005-11-30,jacob.sidhu33@student.college.edu,9441414090,DEP000001,AY000004,SEM000007,True
2026-07-30T14:48:25.548099,2026-07-30T14:48:25.548101,ST000034,AIML2023034,Yauvani,Din,Female,2004-10-26,yauvani.din34@student.college.edu,7441363273,DEP000001,AY000004,SEM000007,True
2026-07-30T14:48:25.548154,2026-07-30T14:48:25.548157,ST000035,AIML2023035,Harshil,Loyal,Male,2006-03-26,harshil.loyal35@student.college.edu,6996573926,DEP000001,AY000004,SEM000007,True
2026-07-30T14:48:25.548197,2026-07-30T14:48:25.548199,ST000036,AIML2023036,Meghana,Soman,Female,2005-05-07,meghana.soman36@student.college.edu,6028934191,DEP000001,AY000004,SEM000007,True
2026-07-30T14:48:25.548240,2026-07-30T14:48:25.548243,ST000037,AIML2023037,Nitesh,Bhalla,Male,2005-12-02,nitesh.bhalla37@student.college.edu,8729640871,DEP000001,AY000004,SEM000007,True
2026-07-30T14:48:25.548279,2026-07-30T14:48:25.548282,ST000038,AIML2023038,Zinal,Sagar,Female,2004-02-17,zinal.sagar38@student.college.edu,9447444743,DEP000001,AY000004,SEM000007,True
2026-07-30T14:48:25.548317,2026-07-30T14:48:25.548320,ST000039,AIML2023039,Daniel,Thakur,Male,2003-09-20,daniel.thakur39@student.college.edu,6087125886,DEP000001,AY000004,SEM000007,True
2026-07-30T14:48:25.548356,2026-07-30T14:48:25.548358,ST000040,AIML2023040,Dhruv,Mahal,Male,2006-02-09,dhruv.mahal40@student.college.edu,8625025585,DEP000001,AY000004,SEM000007,True
2026-07-30T14:48:25.548393,2026-07-30T14:48:25.548395,ST000041,AIML2023041,Yashvi,Mukherjee,Female,2006-01-03,yashvi.mukherjee41@student.college.edu,8687622494,DEP000001,AY000004,SEM000007,True
2026-07-30T14:48:25.548431,2026-07-30T14:48:25.548434,ST000042,AIML2023042,Amrita,Kannan,Female,2005-02-02,amrita.kannan42@student.college.edu,6343090334,DEP000001,AY000004,SEM000007,True
2026-07-30T14:48:25.548468,2026-07-30T14:48:25.548471,ST000043,AIML2023043,Yashasvi,Kumer,Female,2004-06-28,yashasvi.kumer43@student.college.edu,7899996983,DEP000001,AY000004,SEM000007,True
2026-07-30T14:48:25.548507,2026-07-30T14:48:25.548509,ST000044,AIML2023044,Zayan,Borah,Male,2005-06-03,zayan.borah44@student.college.edu,7092135293,DEP000001,AY000004,SEM000007,True
2026-07-30T14:48:25.548544,2026-07-30T14:48:25.548547,ST000045,AIML2023045,Advik,Chaudry,Male,2006-05-14,advik.chaudry45@student.college.edu,8967060861,DEP000001,AY000004,SEM000007,True
2026-07-30T14:48:25.548582,2026-07-30T14:48:25.548584,ST000046,AIML2023046,Logan,Bhardwaj,Male,2003-10-17,logan.bhardwaj46@student.college.edu,6406992727,DEP000001,AY000004,SEM000007,True
2026-07-30T14:48:25.548620,2026-07-30T14:48:25.548623,ST000047,AIML2023047,Sarthak,Kari,Male,2005-02-09,sarthak.kari47@student.college.edu,8414254090,DEP000001,AY000004,SEM000007,True
2026-07-30T14:48:25.548665,2026-07-30T14:48:25.548667,ST000048,AIML2023048,Vedika,Kara,Female,2003-09-11,vedika.kara48@student.college.edu,8066068319,DEP000001,AY000004,SEM000007,True
2026-07-30T14:48:25.548718,2026-07-30T14:48:25.548721,ST000049,AIML2023049,Priya,Mital,Female,2004-09-17,priya.mital49@student.college.edu,8528309575,DEP000001,AY000004,SEM000007,True
2026-07-30T14:48:25.548775,2026-07-30T14:48:25.548777,ST000050,AIML2023050,Rudra,Hegde,Male,2004-09-20,rudra.hegde50@student.college.edu,6016391796,DEP000001,AY000004,SEM000007,True
2026-07-30T14:48:25.548814,2026-07-30T14:48:25.548816,ST000051,AIML2023051,Harita,Swaminathan,Female,2003-10-11,harita.swaminathan51@student.college.edu,6696117205,DEP000001,AY000004,SEM000007,True
2026-07-30T14:48:25.548857,2026-07-30T14:48:25.548860,ST000052,AIML2023052,Lohit,Cherian,Male,2004-05-16,lohit.cherian52@student.college.edu,6429708662,DEP000001,AY000004,SEM000007,True
2026-07-30T14:48:25.548901,2026-07-30T14:48:25.548903,ST000053,AIML2023053,Pushti,Gade,Female,2003-08-27,pushti.gade53@student.college.edu,7879081292,DEP000001,AY000004,SEM000007,True
2026-07-30T14:48:25.548950,2026-07-30T14:48:25.548953,ST000054,AIML2023054,Forum,Raghavan,Female,2005-06-03,forum.raghavan54@student.college.edu,7090023596,DEP000001,AY000004,SEM000007,True
2026-07-30T14:48:25.549021,2026-07-30T14:48:25.549027,ST000055,AIML2023055,Atharv,Varma,Male,2003-08-08,atharv.varma55@student.college.edu,7521186115,DEP000001,AY000004,SEM000007,True
2026-07-30T14:48:25.549077,2026-07-30T14:48:25.549080,ST000056,AIML2023056,Ekansh,Bera,Male,2005-06-11,ekansh.bera56@student.college.edu,7974086185,DEP000001,AY000004,SEM000007,True
2026-07-30T14:48:25.549120,2026-07-30T14:48:25.549123,ST000057,AIML2023057,Timothy,Goswami,Male,2004-06-28,timothy.goswami57@student.college.edu,6031530276,DEP000001,AY000004,SEM000007,True
2026-07-30T14:48:25.549164,2026-07-30T14:48:25.549167,ST000058,AIML2023058,Raksha,Ganesan,Female,2004-02-28,raksha.ganesan58@student.college.edu,8929078936,DEP000001,AY000004,SEM000007,True
2026-07-30T14:48:25.549205,2026-07-30T14:48:25.549207,ST000059,AIML2023059,Zansi,Dugar,Female,2004-10-08,zansi.dugar59@student.college.edu,9487039429,DEP000001,AY000004,SEM000007,True
2026-07-30T14:48:25.549245,2026-07-30T14:48:25.549247,ST000060,AIML2023060,Anita,Sule,Female,2003-12-22,anita.sule60@student.college.edu,6325928967,DEP000001,AY000004,SEM000007,True
2026-07-30T14:48:25.549285,2026-07-30T14:48:25.549288,ST000061,AIML2023061,Yashawini,Grewal,Female,2005-06-26,yashawini.grewal61@student.college.edu,7133234216,DEP000001,AY000004,SEM000007,True
2026-07-30T14:48:25.549326,2026-07-30T14:48:25.549328,ST000062,AIML2023062,Gavin,Hans,Male,2004-09-03,gavin.hans62@student.college.edu,9301627378,DEP000001,AY000004,SEM000007,True
2026-07-30T14:48:25.549383,2026-07-30T14:48:25.549385,ST000063,AIML2023063,Victor,Deep,Male,2006-07-25,victor.deep63@student.college.edu,6039991277,DEP000001,AY000004,SEM000007,True
2026-07-30T14:48:25.549427,2026-07-30T14:48:25.549430,ST000064,AIML2023064,Rachit,Naidu,Male,2003-12-27,rachit.naidu64@student.college.edu,7150906876,DEP000001,AY000004,SEM000007,True
2026-07-30T14:48:25.549477,2026-07-30T14:48:25.549480,ST000065,AIML2023065,Harita,Virk,Female,2005-03-05,harita.virk65@student.college.edu,7281844566,DEP000001,AY000004,SEM000007,True
2026-07-30T14:48:25.549527,2026-07-30T14:48:25.549530,ST000066,AIML2023066,Yashawini,Gara,Female,2005-01-05,yashawini.gara66@student.college.edu,7834521294,DEP000001,AY000004,SEM000007,True
2026-07-30T14:48:25.549573,2026-07-30T14:48:25.549575,ST000067,AIML2023067,Omya,Nadig,Female,2004-06-22,omya.nadig67@student.college.edu,8140818662,DEP000001,AY000004,SEM000007,True
2026-07-30T14:48:25.549617,2026-07-30T14:48:25.549620,ST000068,AIML2023068,Damyanti,Atwal,Female,2005-04-28,damyanti.atwal68@student.college.edu,7807287980,DEP000001,AY000004,SEM000007,True
2026-07-30T14:48:25.549665,2026-07-30T14:48:25.549668,ST000069,AIML2023069,Harini,Gupta,Female,2003-12-22,harini.gupta69@student.college.edu,7960411598,DEP000001,AY000004,SEM000007,True
2026-07-30T14:48:25.549733,2026-07-30T14:48:25.549740,ST000070,AIML2023070,Sarthak,Narayan,Male,2004-08-07,sarthak.narayan70@student.college.edu,9300503551,DEP000001,AY000004,SEM000007,True
2026-07-30T14:48:25.549797,2026-07-30T14:48:25.549800,ST000071,AIML2023071,Guneet,Uppal,Male,2003-09-19,guneet.uppal71@student.college.edu,9628840624,DEP000001,AY000004,SEM000007,True
2026-07-30T14:48:25.549843,2026-07-30T14:48:25.549846,ST000072,AIML2023072,Deepa,Panchal,Female,2004-09-20,deepa.panchal72@student.college.edu,9549947905,DEP000001,AY000004,SEM000007,True
2026-07-30T14:48:25.549888,2026-07-30T14:48:25.549891,ST000073,AIML2023073,Udarsh,Dayal,Male,2004-03-30,udarsh.dayal73@student.college.edu,9915252669,DEP000001,AY000004,SEM000007,True
2026-07-30T14:48:25.549932,2026-07-30T14:48:25.549935,ST000074,AIML2023074,Dhriti,Banerjee,Female,2004-08-16,dhriti.banerjee74@student.college.edu,8862146595,DEP000001,AY000004,SEM000007,True
2026-07-30T14:48:25.549976,2026-07-30T14:48:25.549979,ST000075,AIML2023075,Chandani,Loyal,Female,2003-10-06,chandani.loyal75@student.college.edu,9533830415,DEP000001,AY000004,SEM000007,True
2026-07-30T14:48:25.550019,2026-07-30T14:48:25.550022,ST000076,AIML2023076,Gaurav,Sarna,Male,2005-02-03,gaurav.sarna76@student.college.edu,9773779745,DEP000001,AY000004,SEM000007,True
2026-07-30T14:48:25.550069,2026-07-30T14:48:25.550072,ST000077,AIML2023077,Chandani,Kapur,Female,2004-06-12,chandani.kapur77@student.college.edu,8494034865,DEP000001,AY000004,SEM000007,True
2026-07-30T14:48:25.550155,2026-07-30T14:48:25.550160,ST000078,AIML2023078,Aachal,Balakrishnan,Female,2004-10-07,aachal.balakrishnan78@student.college.edu,9280993102,DEP000001,AY000004,SEM000007,True
2026-07-30T14:48:25.550208,2026-07-30T14:48:25.550211,ST000079,AIML2023079,Siya,Koshy,Female,2005-09-03,siya.koshy79@student.college.edu,7820285885,DEP000001,AY000004,SEM000007,True
2026-07-30T14:48:25.550259,2026-07-30T14:48:25.550262,ST000080,AIML2023080,Isha,Lad,Female,2005-03-03,isha.lad80@student.college.edu,6415313916,DEP000001,AY000004,SEM000007,True
2026-07-30T14:48:25.550313,2026-07-30T14:48:25.550316,ST000081,AIML2023081,Luke,Parikh,Male,2005-04-11,luke.parikh81@student.college.edu,6829711002,DEP000001,AY000004,SEM000007,True
2026-07-30T14:48:25.550361,2026-07-30T14:48:25.550364,ST000082,AIML2023082,Shaurya,Sura,Male,2003-10-10,shaurya.sura82@student.college.edu,8465638805,DEP000001,AY000004,SEM000007,True
2026-07-30T14:48:25.550425,2026-07-30T14:48:25.550429,ST000083,AIML2023083,Adweta,Mitter,Female,2004-10-15,adweta.mitter83@student.college.edu,9993414549,DEP000001,AY000004,SEM000007,True
2026-07-30T14:48:25.550480,2026-07-30T14:48:25.550484,ST000084,AIML2023084,Warda,Pai,Female,2003-08-05,warda.pai84@student.college.edu,7983182502,DEP000001,AY000004,SEM000007,True
2026-07-30T14:48:25.550536,2026-07-30T14:48:25.550540,ST000085,AIML2023085,Vaishnavi,Varkey,Female,2004-12-14,vaishnavi.varkey85@student.college.edu,6066803187,DEP000001,AY000004,SEM000007,True
2026-07-30T14:48:25.550597,2026-07-30T14:48:25.550600,ST000086,AIML2023086,Rushil,Kannan,Male,2004-08-13,rushil.kannan86@student.college.edu,6512791428,DEP000001,AY000004,SEM000007,True
2026-07-30T14:48:25.550653,2026-07-30T14:48:25.550656,ST000087,AIML2023087,Kavya,Thaman,Female,2005-04-01,kavya.thaman87@student.college.edu,8189181155,DEP000001,AY000004,SEM000007,True
2026-07-30T14:48:25.550727,2026-07-30T14:48:25.550732,ST000088,AIML2023088,Daksha,Narula,Female,2006-07-04,daksha.narula88@student.college.edu,6712540159,DEP000001,AY000004,SEM000007,True
2026-07-30T14:48:25.550817,2026-07-30T14:48:25.550829,ST000089,AIML2023089,Bachittar,Bassi,Male,2003-12-10,bachittar.bassi89@student.college.edu,9402917018,DEP000001,AY000004,SEM000007,True
2026-07-30T14:48:25.550907,2026-07-30T14:48:25.550911,ST000090,AIML2023090,Oliver,Natt,Male,2004-09-09,oliver.natt90@student.college.edu,7839216386,DEP000001,AY000004,SEM000007,True
2026-07-30T14:48:25.550977,2026-07-30T14:48:25.550981,ST000091,AIML2023091,Advaith,Bahl,Male,2004-03-12,advaith.bahl91@student.college.edu,8875450974,DEP000001,AY000004,SEM000007,True
2026-07-30T14:48:25.551035,2026-07-30T14:48:25.551039,ST000092,AIML2023092,Gagan,Sarma,Male,2004-08-27,gagan.sarma92@student.college.edu,9274911907,DEP000001,AY000004,SEM000007,True
2026-07-30T14:48:25.551095,2026-07-30T14:48:25.551098,ST000093,AIML2023093,Balhaar,Andra,Male,2003-12-20,balhaar.andra93@student.college.edu,6088651719,DEP000001,AY000004,SEM000007,True
2026-07-30T14:48:25.551173,2026-07-30T14:48:25.551180,ST000094,AIML2023094,Kai,Ganesan,Male,2005-12-02,kai.ganesan94@student.college.edu,7449971231,DEP000001,AY000004,SEM000007,True
2026-07-30T14:48:25.551288,2026-07-30T14:48:25.551294,ST000095,AIML2023095,Max,Pant,Male,2003-09-12,max.pant95@student.college.edu,7085070393,DEP000001,AY000004,SEM000007,True
2026-07-30T14:48:25.551398,2026-07-30T14:48:25.551404,ST000096,AIML2023096,Idika,Shroff,Female,2005-12-30,idika.shroff96@student.college.edu,6254562891,DEP000001,AY000004,SEM000007,True
2026-07-30T14:48:25.551499,2026-07-30T14:48:25.551504,ST000097,AIML2023097,Urvashi,Jani,Female,2006-06-09,urvashi.jani97@student.college.edu,7870902495,DEP000001,AY000004,SEM000007,True
2026-07-30T14:48:25.551580,2026-07-30T14:48:25.551585,ST000098,AIML2023098,Bhavini,Behl,Female,2005-04-23,bhavini.behl98@student.college.edu,7170727091,DEP000001,AY000004,SEM000007,True
2026-07-30T14:48:25.551668,2026-07-30T14:48:25.551672,ST000099,AIML2023099,Aishani,Nagar,Female,2004-08-19,aishani.nagar99@student.college.edu,6685514804,DEP000001,AY000004,SEM000007,True
2026-07-30T14:48:25.551791,2026-07-30T14:48:25.551798,ST000100,AIML2023100,Zilmil,Bal,Female,2004-11-08,zilmil.bal100@student.college.edu,8352741752,DEP000001,AY000004,SEM000007,True
2026-07-30T14:48:25.551859,2026-07-30T14:48:25.551863,ST000101,AIML2023101,Bachittar,Sha,Male,2004-03-24,bachittar.sha101@student.college.edu,6499546387,DEP000001,AY000004,SEM000007,True
2026-07-30T14:48:25.551966,2026-07-30T14:48:25.551975,ST000102,AIML2023102,Laban,Dube,Male,2004-11-12,laban.dube102@student.college.edu,8565019181,DEP000001,AY000004,SEM000007,True
2026-07-30T14:48:25.552096,2026-07-30T14:48:25.552105,ST000103,AIML2023103,Indali,Rajagopal,Female,2006-04-12,indali.rajagopal103@student.college.edu,6409846436,DEP000001,AY000004,SEM000007,True
2026-07-30T14:48:25.552211,2026-07-30T14:48:25.552218,ST000104,AIML2023104,Farhan,Sharma,Male,2003-08-04,farhan.sharma104@student.college.edu,7660576586,DEP000001,AY000004,SEM000007,True
2026-07-30T14:48:25.552343,2026-07-30T14:48:25.552355,ST000105,AIML2023105,Daksh,Sridhar,Male,2005-10-21,daksh.sridhar105@student.college.edu,7722195968,DEP000001,AY000004,SEM000007,True
2026-07-30T14:48:25.552513,2026-07-30T14:48:25.552526,ST000106,AIML2023106,Yug,Nayak,Male,2006-04-03,yug.nayak106@student.college.edu,8047620043,DEP000001,AY000004,SEM000007,True
2026-07-30T14:48:25.552672,2026-07-30T14:48:25.552679,ST000107,AIML2023107,Qadim,Mitter,Male,2004-07-01,qadim.mitter107@student.college.edu,8289508053,DEP000001,AY000004,SEM000007,True
2026-07-30T14:48:25.552760,2026-07-30T14:48:25.552764,ST000108,AIML2023108,Jairaj,Radhakrishnan,Male,2005-05-14,jairaj.radhakrishnan108@student.college.edu,9246362159,DEP000001,AY000004,SEM000007,True
2026-07-30T14:48:25.552814,2026-07-30T14:48:25.552817,ST000109,AIML2023109,Jasmit,Pandya,Female,2004-10-12,jasmit.pandya109@student.college.edu,8312564765,DEP000001,AY000004,SEM000007,True
2026-07-30T14:48:25.552866,2026-07-30T14:48:25.552869,ST000110,AIML2023110,Qarin,Ravi,Male,2004-07-06,qarin.ravi110@student.college.edu,8909494417,DEP000001,AY000004,SEM000007,True
2026-07-30T14:48:25.552911,2026-07-30T14:48:25.552914,ST000111,AIML2023111,Brinda,Bali,Female,2004-09-22,brinda.bali111@student.college.edu,7061840076,DEP000001,AY000004,SEM000007,True
2026-07-30T14:48:25.552955,2026-07-30T14:48:25.552958,ST000112,AIML2023112,Tara,Magar,Female,2006-01-31,tara.magar112@student.college.edu,8783175695,DEP000001,AY000004,SEM000007,True
2026-07-30T14:48:25.552998,2026-07-30T14:48:25.553001,ST000113,AIML2023113,Jasmit,Dass,Female,2004-09-12,jasmit.dass113@student.college.edu,7145204231,DEP000001,AY000004,SEM000007,True
2026-07-30T14:48:25.553087,2026-07-30T14:48:25.553092,ST000114,AIML2023114,Suhani,Kibe,Female,2005-08-06,suhani.kibe114@student.college.edu,9044783466,DEP000001,AY000004,SEM000007,True
2026-07-30T14:48:25.553169,2026-07-30T14:48:25.553174,ST000115,AIML2023115,Aarav,Kala,Male,2003-08-31,aarav.kala115@student.college.edu,6534212725,DEP000001,AY000004,SEM000007,True
2026-07-30T14:48:25.553249,2026-07-30T14:48:25.553254,ST000116,AIML2023116,Lohit,Choudhury,Male,2005-07-19,lohit.choudhury116@student.college.edu,6956660223,DEP000001,AY000004,SEM000007,True
2026-07-30T14:48:25.553344,2026-07-30T14:48:25.553349,ST000117,AIML2023117,Ekalinga,Chadha,Male,2004-02-29,ekalinga.chadha117@student.college.edu,8918718090,DEP000001,AY000004,SEM000007,True
2026-07-30T14:48:25.553486,2026-07-30T14:48:25.553493,ST000118,AIML2023118,Zayyan,Varma,Male,2003-08-07,zayyan.varma118@student.college.edu,9138900904,DEP000001,AY000004,SEM000007,True
2026-07-30T14:48:25.553603,2026-07-30T14:48:25.553608,ST000119,AIML2023119,Peter,Minhas,Male,2004-07-25,peter.minhas119@student.college.edu,8920543517,DEP000001,AY000004,SEM000007,True
2026-07-30T14:48:25.553764,2026-07-30T14:48:25.553774,ST000120,AIML2023120,Tanvi,Parsa,Female,2005-07-24,tanvi.parsa120@student.college.edu,9945837151,DEP000001,AY000004,SEM000007,True
2026-07-30T14:48:25.553873,2026-07-30T14:48:25.553879,ST000121,AIML2023121,Unni,Hari,Female,2005-03-01,unni.hari121@student.college.edu,7719934295,DEP000001,AY000004,SEM000007,True
2026-07-30T14:48:25.553967,2026-07-30T14:48:25.553973,ST000122,AIML2023122,Frederick,Mangat,Male,2005-08-16,frederick.mangat122@student.college.edu,8300799915,DEP000001,AY000004,SEM000007,True
2026-07-30T14:48:25.554064,2026-07-30T14:48:25.554069,ST000123,AIML2023123,Caleb,Shankar,Male,2003-12-16,caleb.shankar123@student.college.edu,7183326904,DEP000001,AY000004,SEM000007,True
2026-07-30T14:48:25.554168,2026-07-30T14:48:25.554174,ST000124,AIML2023124,Ekbal,Murthy,Male,2005-11-15,ekbal.murthy124@student.college.edu,8310232417,DEP000001,AY000004,SEM000007,True
2026-07-30T14:48:25.554339,2026-07-30T14:48:25.554377,ST000125,AIML2023125,Balhaar,Iyengar,Male,2004-11-15,balhaar.iyengar125@student.college.edu,7459245640,DEP000001,AY000004,SEM000007,True
2026-07-30T14:48:25.554561,2026-07-30T14:48:25.554584,ST000126,AIML2023126,Anika,Chawla,Female,2004-04-02,anika.chawla126@student.college.edu,8393654294,DEP000001,AY000004,SEM000007,True
2026-07-30T14:48:25.554886,2026-07-30T14:48:25.554898,ST000127,AIML2023127,Aachal,Prashad,Female,2004-03-11,aachal.prashad127@student.college.edu,9561569576,DEP000001,AY000004,SEM000007,True
2026-07-30T14:48:25.555043,2026-07-30T14:48:25.555050,ST000128,AIML2023128,Aadhya,Mani,Female,2006-01-31,aadhya.mani128@student.college.edu,6601097472,DEP000001,AY000004,SEM000007,True
2026-07-30T14:48:25.555192,2026-07-30T14:48:25.555214,ST000129,AIML2023129,Tanvi,Bhasin,Female,2004-08-18,tanvi.bhasin129@student.college.edu,9179791831,DEP000001,AY000004,SEM000007,True
2026-07-30T14:48:25.555363,2026-07-30T14:48:25.555371,ST000130,AIML2023130,Pavani,Yogi,Female,2006-05-04,pavani.yogi130@student.college.edu,8851464897,DEP000001,AY000004,SEM000007,True
2026-07-30T14:48:25.555503,2026-07-30T14:48:25.555510,ST000131,AIML2023131,Nilima,Dutta,Female,2005-11-16,nilima.dutta131@student.college.edu,9686550750,DEP000001,AY000004,SEM000007,True
2026-07-30T14:48:25.555599,2026-07-30T14:48:25.555605,ST000132,AIML2023132,Pratyush,Talwar,Male,2006-06-29,pratyush.talwar132@student.college.edu,8337138515,DEP000001,AY000004,SEM000007,True
2026-07-30T14:48:25.555747,2026-07-30T14:48:25.555767,ST000133,AIML2023133,Kamala,Sarna,Female,2004-01-01,kamala.sarna133@student.college.edu,8024286806,DEP000001,AY000004,SEM000007,True
2026-07-30T14:48:25.555905,2026-07-30T14:48:25.555914,ST000134,AIML2023134,Parth,Sanghvi,Male,2005-02-25,parth.sanghvi134@student.college.edu,8339174930,DEP000001,AY000004,SEM000007,True
2026-07-30T14:48:25.556026,2026-07-30T14:48:25.556032,ST000135,AIML2023135,Xiti,Mammen,Female,2006-06-13,xiti.mammen135@student.college.edu,8167333264,DEP000001,AY000004,SEM000007,True
2026-07-30T14:48:25.556143,2026-07-30T14:48:25.556149,ST000136,AIML2023136,Ishwar,Mann,Male,2003-08-26,ishwar.mann136@student.college.edu,9355967428,DEP000001,AY000004,SEM000007,True
2026-07-30T14:48:25.556260,2026-07-30T14:48:25.556267,ST000137,AIML2023137,Faris,Kohli,Male,2006-01-09,faris.kohli137@student.college.edu,9507928986,DEP000001,AY000004,SEM000007,True
2026-07-30T14:48:25.556394,2026-07-30T14:48:25.556402,ST000138,AIML2023138,Ikshita,Kapur,Female,2004-01-13,ikshita.kapur138@student.college.edu,6937576655,DEP000001,AY000004,SEM000007,True
2026-07-30T14:48:25.556522,2026-07-30T14:48:25.556529,ST000139,AIML2023139,Manthan,Borah,Male,2003-08-27,manthan.borah139@student.college.edu,8429997893,DEP000001,AY000004,SEM000007,True
2026-07-30T14:48:25.556647,2026-07-30T14:48:25.556655,ST000140,AIML2023140,Qasim,Mukhopadhyay,Male,2004-03-14,qasim.mukhopadhyay140@student.college.edu,6137329826,DEP000001,AY000004,SEM000007,True
2026-07-30T14:48:25.556856,2026-07-30T14:48:25.556865,ST000141,AIML2023141,Abdul,Sankar,Male,2006-02-19,abdul.sankar141@student.college.edu,7853120748,DEP000001,AY000004,SEM000007,True
2026-07-30T14:48:25.557012,2026-07-30T14:48:25.557022,ST000142,AIML2023142,Onkar,Krishna,Male,2006-02-28,onkar.krishna142@student.college.edu,6654055807,DEP000001,AY000004,SEM000007,True
2026-07-30T14:48:25.557171,2026-07-30T14:48:25.557182,ST000143,AIML2023143,Azad,Shenoy,Male,2003-08-31,azad.shenoy143@student.college.edu,6378325222,DEP000001,AY000004,SEM000007,True
2026-07-30T14:48:25.557298,2026-07-30T14:48:25.557305,ST000144,AIML2023144,Champak,Batra,Male,2005-05-29,champak.batra144@student.college.edu,8167037516,DEP000001,AY000004,SEM000007,True
2026-07-30T14:48:25.557436,2026-07-30T14:48:25.557447,ST000145,AIML2023145,Raksha,Ravi,Female,2004-10-24,raksha.ravi145@student.college.edu,6843805828,DEP000001,AY000004,SEM000007,True
2026-07-30T14:48:25.557586,2026-07-30T14:48:25.557594,ST000146,AIML2023146,Chameli,Setty,Female,2004-02-15,chameli.setty146@student.college.edu,6327936375,DEP000001,AY000004,SEM000007,True
2026-07-30T14:48:25.557746,2026-07-30T14:48:25.557778,ST000147,AIML2023147,Isaac,Deshpande,Male,2005-11-23,isaac.deshpande147@student.college.edu,9702456461,DEP000001,AY000004,SEM000007,True
2026-07-30T14:48:25.557902,2026-07-30T14:48:25.557909,ST000148,AIML2023148,Samar,Raj,Male,2004-04-10,samar.raj148@student.college.edu,8400539589,DEP000001,AY000004,SEM000007,True
2026-07-30T14:48:25.558007,2026-07-30T14:48:25.558014,ST000149,AIML2023149,Kamya,Lata,Female,2004-03-10,kamya.lata149@student.college.edu,7414774739,DEP000001,AY000004,SEM000007,True
2026-07-30T14:48:25.558134,2026-07-30T14:48:25.558142,ST000150,AIML2023150,Urvi,Mani,Female,2004-06-02,urvi.mani150@student.college.edu,6999865004,DEP000001,AY000004,SEM000007,True
2026-07-30T14:48:25.558270,2026-07-30T14:48:25.558278,ST000151,AIML2023151,Reyansh,Om,Male,2005-09-05,reyansh.om151@student.college.edu,9045765378,DEP000001,AY000004,SEM000007,True
2026-07-30T14:48:25.558377,2026-07-30T14:48:25.558387,ST000152,AIML2023152,Damini,Dash,Female,2005-07-19,damini.dash152@student.college.edu,8197174142,DEP000001,AY000004,SEM000007,True
2026-07-30T14:48:25.558538,2026-07-30T14:48:25.558544,ST000153,AIML2023153,Henry,Keer,Male,2006-01-18,henry.keer153@student.college.edu,9427951778,DEP000001,AY000004,SEM000007,True
2026-07-30T14:48:25.558653,2026-07-30T14:48:25.558660,ST000154,AIML2023154,Omaja,Oommen,Female,2005-12-30,omaja.oommen154@student.college.edu,8386198686,DEP000001,AY000004,SEM000007,True
2026-07-30T14:48:25.558784,2026-07-30T14:48:25.558792,ST000155,AIML2023155,Kiaan,Chowdhury,Male,2004-04-28,kiaan.chowdhury155@student.college.edu,8411308239,DEP000001,AY000004,SEM000007,True
2026-07-30T14:48:25.558900,2026-07-30T14:48:25.558906,ST000156,AIML2023156,Shaurya,Choudhary,Male,2005-12-15,shaurya.choudhary156@student.college.edu,8725159024,DEP000001,AY000004,SEM000007,True
2026-07-30T14:48:25.559018,2026-07-30T14:48:25.559026,ST000157,AIML2023157,Neelima,Murthy,Female,2004-06-14,neelima.murthy157@student.college.edu,8396620281,DEP000001,AY000004,SEM000007,True
2026-07-30T14:48:25.559111,2026-07-30T14:48:25.559117,ST000158,AIML2023158,Vrinda,Mallick,Female,2005-03-21,vrinda.mallick158@student.college.edu,7070174143,DEP000001,AY000004,SEM000007,True
2026-07-30T14:48:25.559195,2026-07-30T14:48:25.559200,ST000159,AIML2023159,Manya,Barman,Female,2003-11-07,manya.barman159@student.college.edu,9408667333,DEP000001,AY000004,SEM000007,True
2026-07-30T14:48:25.559295,2026-07-30T14:48:25.559300,ST000160,AIML2023160,Chandani,Tripathi,Female,2006-01-06,chandani.tripathi160@student.college.edu,6914931030,DEP000001,AY000004,SEM000007,True
2026-07-30T14:48:25.559393,2026-07-30T14:48:25.559398,ST000161,AIML2023161,Udant,Loyal,Male,2004-03-13,udant.loyal161@student.college.edu,8937116938,DEP000001,AY000004,SEM000007,True
2026-07-30T14:48:25.559476,2026-07-30T14:48:25.559482,ST000162,AIML2023162,Orinder,Chaudry,Male,2005-08-10,orinder.chaudry162@student.college.edu,9282917435,DEP000001,AY000004,SEM000007,True
2026-07-30T14:48:25.559554,2026-07-30T14:48:25.559559,ST000163,AIML2023163,Om,Singhal,Male,2003-11-27,om.singhal163@student.college.edu,7837465644,DEP000001,AY000004,SEM000007,True
2026-07-30T14:48:25.559639,2026-07-30T14:48:25.559644,ST000164,AIML2023164,Lila,Dugar,Female,2006-06-14,lila.dugar164@student.college.edu,8788212328,DEP000001,AY000004,SEM000007,True
2026-07-30T14:48:25.559769,2026-07-30T14:48:25.559777,ST000165,AIML2023165,Udant,Dua,Male,2003-08-11,udant.dua165@student.college.edu,8379712889,DEP000001,AY000004,SEM000007,True
2026-07-30T14:48:25.559863,2026-07-30T14:48:25.559869,ST000166,AIML2023166,Falguni,Bhakta,Female,2006-01-15,falguni.bhakta166@student.college.edu,7118094165,DEP000001,AY000004,SEM000007,True
2026-07-30T14:48:25.559959,2026-07-30T14:48:25.559965,ST000167,AIML2023167,Widisha,Rajagopal,Female,2003-09-06,widisha.rajagopal167@student.college.edu,8825117743,DEP000001,AY000004,SEM000007,True
2026-07-30T14:48:25.560061,2026-07-30T14:48:25.560066,ST000168,AIML2023168,Yashawini,Krishna,Female,2006-07-08,yashawini.krishna168@student.college.edu,7361573579,DEP000001,AY000004,SEM000007,True
2026-07-30T14:48:25.560185,2026-07-30T14:48:25.560192,ST000169,AIML2023169,Baljiwan,Vaidya,Male,2004-01-13,baljiwan.vaidya169@student.college.edu,7385149890,DEP000001,AY000004,SEM000007,True
2026-07-30T14:48:25.560307,2026-07-30T14:48:25.560314,ST000170,AIML2023170,Anita,Banerjee,Female,2003-11-29,anita.banerjee170@student.college.edu,7644607829,DEP000001,AY000004,SEM000007,True
2026-07-30T14:48:25.560433,2026-07-30T14:48:25.560439,ST000171,AIML2023171,Ayushman,Randhawa,Male,2006-02-05,ayushman.randhawa171@student.college.edu,7706518522,DEP000001,AY000004,SEM000007,True
2026-07-30T14:48:25.560545,2026-07-30T14:48:25.560552,ST000172,AIML2023172,Yug,Sanghvi,Male,2005-06-04,yug.sanghvi172@student.college.edu,7642591322,DEP000001,AY000004,SEM000007,True
2026-07-30T14:48:25.560650,2026-07-30T14:48:25.560656,ST000173,AIML2023173,Akshay,Sharma,Male,2004-10-10,akshay.sharma173@student.college.edu,8931015388,DEP000001,AY000004,SEM000007,True
2026-07-30T14:48:25.560791,2026-07-30T14:48:25.560798,ST000174,AIML2023174,Abhimanyu,Saran,Male,2004-01-07,abhimanyu.saran174@student.college.edu,8660796490,DEP000001,AY000004,SEM000007,True
2026-07-30T14:48:25.560893,2026-07-30T14:48:25.560903,ST000175,AIML2023175,Ayaan,Pandya,Male,2006-04-12,ayaan.pandya175@student.college.edu,8722658132,DEP000001,AY000004,SEM000007,True
2026-07-30T14:48:25.560997,2026-07-30T14:48:25.561002,ST000176,AIML2023176,Yauvani,Gole,Female,2005-03-05,yauvani.gole176@student.college.edu,6285651989,DEP000001,AY000004,SEM000007,True
2026-07-30T14:48:25.561169,2026-07-30T14:48:25.561177,ST000177,AIML2023177,Urishilla,Krishnan,Female,2004-04-05,urishilla.krishnan177@student.college.edu,6292261488,DEP000001,AY000004,SEM000007,True
2026-07-30T14:48:25.561276,2026-07-30T14:48:25.561282,ST000178,AIML2023178,Abhimanyu,Dhar,Male,2006-01-27,abhimanyu.dhar178@student.college.edu,6459584001,DEP000001,AY000004,SEM000007,True
2026-07-30T14:48:25.561365,2026-07-30T14:48:25.561373,ST000179,AIML2023179,Lohit,Nair,Male,2005-03-29,lohit.nair179@student.college.edu,9042483576,DEP000001,AY000004,SEM000007,True
2026-07-30T14:48:25.561483,2026-07-30T14:48:25.561489,ST000180,AIML2023180,Ridhi,Kumar,Female,2005-03-02,ridhi.kumar180@student.college.edu,8168655039,DEP000001,AY000004,SEM000007,True
2026-07-30T14:48:25.561642,2026-07-30T14:48:25.561649,ST000181,AIML2023181,Tristan,Buch,Male,2004-08-23,tristan.buch181@student.college.edu,7686261242,DEP000001,AY000004,SEM000007,True
2026-07-30T14:48:25.561823,2026-07-30T14:48:25.561833,ST000182,AIML2023182,Adya,Dalal,Female,2004-09-15,adya.dalal182@student.college.edu,9310548929,DEP000001,AY000004,SEM000007,True
2026-07-30T14:48:25.561962,2026-07-30T14:48:25.561968,ST000183,AIML2023183,Ucchal,Vaidya,Female,2003-12-31,ucchal.vaidya183@student.college.edu,7377134560,DEP000001,AY000004,SEM000007,True
2026-07-30T14:48:25.562148,2026-07-30T14:48:25.562159,ST000184,AIML2023184,Pallavi,Kari,Female,2005-05-13,pallavi.kari184@student.college.edu,7066490905,DEP000001,AY000004,SEM000007,True
2026-07-30T14:48:25.562359,2026-07-30T14:48:25.562368,ST000185,AIML2023185,Onveer,Prasad,Male,2005-09-28,onveer.prasad185@student.college.edu,7120062593,DEP000001,AY000004,SEM000007,True
2026-07-30T14:48:25.562506,2026-07-30T14:48:25.562515,ST000186,AIML2023186,Pahal,Patil,Female,2005-11-30,pahal.patil186@student.college.edu,7612462699,DEP000001,AY000004,SEM000007,True
2026-07-30T14:48:25.562646,2026-07-30T14:48:25.562654,ST000187,AIML2023187,Rishi,Shah,Male,2006-06-25,rishi.shah187@student.college.edu,8341720892,DEP000001,AY000004,SEM000007,True
2026-07-30T14:48:25.562767,2026-07-30T14:48:25.562774,ST000188,AIML2023188,Wahab,Ben,Male,2004-05-28,wahab.ben188@student.college.edu,8704700191,DEP000001,AY000004,SEM000007,True
2026-07-30T14:48:25.562878,2026-07-30T14:48:25.562885,ST000189,AIML2023189,Ati,Goswami,Female,2005-04-07,ati.goswami189@student.college.edu,8164309092,DEP000001,AY000004,SEM000007,True
2026-07-30T14:48:25.562985,2026-07-30T14:48:25.562991,ST000190,AIML2023190,Inaya,Cherian,Female,2004-08-11,inaya.cherian190@student.college.edu,8459232893,DEP000001,AY000004,SEM000007,True
2026-07-30T14:48:25.563097,2026-07-30T14:48:25.563106,ST000191,AIML2023191,Champak,Grover,Male,2004-09-11,champak.grover191@student.college.edu,8451278743,DEP000001,AY000004,SEM000007,True
2026-07-30T14:48:25.563211,2026-07-30T14:48:25.563220,ST000192,AIML2023192,Nidra,Deol,Female,2004-03-18,nidra.deol192@student.college.edu,7545481002,DEP000001,AY000004,SEM000007,True
2026-07-30T14:48:25.563334,2026-07-30T14:48:25.563340,ST000193,AIML2023193,Daniel,Ganesh,Male,2004-03-06,daniel.ganesh193@student.college.edu,9303534711,DEP000001,AY000004,SEM000007,True
2026-07-30T14:48:25.563456,2026-07-30T14:48:25.563463,ST000194,AIML2023194,Warhi,Ravi,Female,2003-10-09,warhi.ravi194@student.college.edu,8659229981,DEP000001,AY000004,SEM000007,True
2026-07-30T14:48:25.563541,2026-07-30T14:48:25.563546,ST000195,AIML2023195,Aryan,Shroff,Male,2005-09-14,aryan.shroff195@student.college.edu,7018036010,DEP000001,AY000004,SEM000007,True
2026-07-30T14:48:25.563634,2026-07-30T14:48:25.563642,ST000196,AIML2023196,Mahika,Tella,Female,2005-04-22,mahika.tella196@student.college.edu,7707015519,DEP000001,AY000004,SEM000007,True
2026-07-30T14:48:25.563749,2026-07-30T14:48:25.563755,ST000197,AIML2023197,Tanvi,Mittal,Female,2005-05-26,tanvi.mittal197@student.college.edu,9715107096,DEP000001,AY000004,SEM000007,True
2026-07-30T14:48:25.563837,2026-07-30T14:48:25.563842,ST000198,AIML2023198,Bishakha,Grover,Female,2006-01-09,bishakha.grover198@student.college.edu,7918514659,DEP000001,AY000004,SEM000007,True
2026-07-30T14:48:25.563932,2026-07-30T14:48:25.563937,ST000199,AIML2023199,Ojas,Sekhon,Male,2006-06-21,ojas.sekhon199@student.college.edu,8743781905,DEP000001,AY000004,SEM000007,True
2026-07-30T14:48:25.564022,2026-07-30T14:48:25.564028,ST000200,AIML2023200,Hemang,Dubey,Male,2005-03-31,hemang.dubey200@student.college.edu,8221653151,DEP000001,AY000004,SEM000007,True
2026-07-30T14:48:25.564107,2026-07-30T14:48:25.564113,ST000201,AIML2023201,Zansi,Rajagopal,Female,2006-03-10,zansi.rajagopal201@student.college.edu,9769041183,DEP000001,AY000004,SEM000007,True
2026-07-30T14:48:25.564192,2026-07-30T14:48:25.564198,ST000202,AIML2023202,Bina,Doshi,Female,2004-11-15,bina.doshi202@student.college.edu,6993442332,DEP000001,AY000004,SEM000007,True
2026-07-30T14:48:25.564275,2026-07-30T14:48:25.564280,ST000203,AIML2023203,Zaitra,Mandal,Female,2006-03-30,zaitra.mandal203@student.college.edu,8724710986,DEP000001,AY000004,SEM000007,True
2026-07-30T14:48:25.564382,2026-07-30T14:48:25.564387,ST000204,AIML2023204,Gaurav,Kalla,Male,2004-08-01,gaurav.kalla204@student.college.edu,7908403310,DEP000001,AY000004,SEM000007,True
2026-07-30T14:48:25.564470,2026-07-30T14:48:25.564475,ST000205,AIML2023205,Aadi,Dugal,Male,2003-09-21,aadi.dugal205@student.college.edu,6731289302,DEP000001,AY000004,SEM000007,True
2026-07-30T14:48:25.564560,2026-07-30T14:48:25.564565,ST000206,AIML2023206,Alka,Ratti,Female,2005-03-23,alka.ratti206@student.college.edu,9594983535,DEP000001,AY000004,SEM000007,True
2026-07-30T14:48:25.564651,2026-07-30T14:48:25.564657,ST000207,AIML2023207,Aradhana,Rajagopalan,Female,2005-07-03,aradhana.rajagopalan207@student.college.edu,6445653364,DEP000001,AY000004,SEM000007,True
2026-07-30T14:48:25.564759,2026-07-30T14:48:25.564766,ST000208,AIML2023208,Baljiwan,Nadkarni,Male,2006-04-04,baljiwan.nadkarni208@student.college.edu,9782416663,DEP000001,AY000004,SEM000007,True
2026-07-30T14:48:25.564848,2026-07-30T14:48:25.564853,ST000209,AIML2023209,Rachita,Ram,Female,2004-04-22,rachita.ram209@student.college.edu,8187566187,DEP000001,AY000004,SEM000007,True
2026-07-30T14:48:25.564946,2026-07-30T14:48:25.564952,ST000210,AIML2023210,Yasti,Dora,Female,2004-12-07,yasti.dora210@student.college.edu,8055310012,DEP000001,AY000004,SEM000007,True
2026-07-30T14:48:25.565033,2026-07-30T14:48:25.565039,ST000211,AIML2023211,Abhimanyu,Rau,Male,2004-12-09,abhimanyu.rau211@student.college.edu,6051485869,DEP000001,AY000004,SEM000007,True
2026-07-30T14:48:25.565122,2026-07-30T14:48:25.565127,ST000212,AIML2023212,Baljiwan,Kale,Male,2004-07-02,baljiwan.kale212@student.college.edu,9081146809,DEP000001,AY000004,SEM000007,True
2026-07-30T14:48:25.565217,2026-07-30T14:48:25.565224,ST000213,AIML2023213,Bimala,Pall,Female,2004-04-07,bimala.pall213@student.college.edu,9841006588,DEP000001,AY000004,SEM000007,True
2026-07-30T14:48:25.565312,2026-07-30T14:48:25.565318,ST000214,AIML2023214,Meghana,Narasimhan,Female,2004-06-26,meghana.narasimhan214@student.college.edu,6077007917,DEP000001,AY000004,SEM000007,True
2026-07-30T14:48:25.565405,2026-07-30T14:48:25.565410,ST000215,AIML2023215,Gayathri,Sandal,Female,2004-11-09,gayathri.sandal215@student.college.edu,6494785837,DEP000001,AY000004,SEM000007,True
2026-07-30T14:48:25.565499,2026-07-30T14:48:25.565504,ST000216,AIML2023216,Ekanta,Kata,Female,2006-06-10,ekanta.kata216@student.college.edu,9520054853,DEP000001,AY000004,SEM000007,True
2026-07-30T14:48:25.565608,2026-07-30T14:48:25.565614,ST000217,AIML2023217,Pallavi,Sane,Female,2005-02-22,pallavi.sane217@student.college.edu,7244919208,DEP000001,AY000004,SEM000007,True
2026-07-30T14:48:25.565717,2026-07-30T14:48:25.565725,ST000218,AIML2023218,Advika,Issac,Female,2004-07-30,advika.issac218@student.college.edu,7579851246,DEP000001,AY000004,SEM000007,True
2026-07-30T14:48:25.565834,2026-07-30T14:48:25.565840,ST000219,AIML2023219,Tanmayi,Sridhar,Female,2005-01-11,tanmayi.sridhar219@student.college.edu,7200743616,DEP000001,AY000004,SEM000007,True
2026-07-30T14:48:25.565953,2026-07-30T14:48:25.565959,ST000220,AIML2023220,Reyansh,Ramanathan,Male,2004-05-09,reyansh.ramanathan220@student.college.edu,9601494626,DEP000001,AY000004,SEM000007,True
2026-07-30T14:48:25.566046,2026-07-30T14:48:25.566052,ST000221,AIML2023221,Vanya,Chad,Female,2004-10-20,vanya.chad221@student.college.edu,9105623629,DEP000001,AY000004,SEM000007,True
2026-07-30T14:48:25.566145,2026-07-30T14:48:25.566151,ST000222,AIML2023222,Karan,Puri,Male,2005-11-24,karan.puri222@student.college.edu,6514644258,DEP000001,AY000004,SEM000007,True
2026-07-30T14:48:25.566250,2026-07-30T14:48:25.566256,ST000223,AIML2023223,Yatin,Oza,Male,2006-07-02,yatin.oza223@student.college.edu,9583972053,DEP000001,AY000004,SEM000007,True
2026-07-30T14:48:25.566340,2026-07-30T14:48:25.566345,ST000224,AIML2023224,Abhiram,Nagarajan,Male,2005-09-12,abhiram.nagarajan224@student.college.edu,6238036627,DEP000001,AY000004,SEM000007,True
2026-07-30T14:48:25.566428,2026-07-30T14:48:25.566433,ST000225,AIML2023225,Ekani,Deep,Female,2006-01-24,ekani.deep225@student.college.edu,9611183589,DEP000001,AY000004,SEM000007,True
2026-07-30T14:48:25.566516,2026-07-30T14:48:25.566522,ST000226,AIML2023226,Lakshmi,Kade,Female,2003-10-09,lakshmi.kade226@student.college.edu,8572399705,DEP000001,AY000004,SEM000007,True
2026-07-30T14:48:25.566607,2026-07-30T14:48:25.566613,ST000227,AIML2023227,Hemangini,Grewal,Female,2003-09-18,hemangini.grewal227@student.college.edu,9881089631,DEP000001,AY000004,SEM000007,True
2026-07-30T14:48:25.566711,2026-07-30T14:48:25.566719,ST000228,AIML2023228,Charvi,Sathe,Female,2005-02-13,charvi.sathe228@student.college.edu,9674351647,DEP000001,AY000004,SEM000007,True
2026-07-30T14:48:25.566803,2026-07-30T14:48:25.566808,ST000229,AIML2023229,Anusha,Sridhar,Female,2005-03-30,anusha.sridhar229@student.college.edu,6567184646,DEP000001,AY000004,SEM000007,True
2026-07-30T14:48:25.566892,2026-07-30T14:48:25.566898,ST000230,AIML2023230,Alexander,Chahal,Male,2004-11-04,alexander.chahal230@student.college.edu,7773942977,DEP000001,AY000004,SEM000007,True
2026-07-30T14:48:25.566988,2026-07-30T14:48:25.566993,ST000231,AIML2023231,Zaid,Kala,Male,2004-04-18,zaid.kala231@student.college.edu,8327546665,DEP000001,AY000004,SEM000007,True
2026-07-30T14:48:25.567072,2026-07-30T14:48:25.567080,ST000232,AIML2023232,Chanchal,Nagarajan,Female,2005-01-28,chanchal.nagarajan232@student.college.edu,7486407691,DEP000001,AY000004,SEM000007,True
2026-07-30T14:48:25.567191,2026-07-30T14:48:25.567198,ST000233,AIML2023233,Aarnav,Panchal,Male,2006-05-20,aarnav.panchal233@student.college.edu,7350138239,DEP000001,AY000004,SEM000007,True
2026-07-30T14:48:25.567285,2026-07-30T14:48:25.567290,ST000234,AIML2023234,Jeevika,Mody,Female,2005-05-18,jeevika.mody234@student.college.edu,7285799680,DEP000001,AY000004,SEM000007,True
2026-07-30T14:48:25.567367,2026-07-30T14:48:25.567372,ST000235,AIML2023235,Yashasvi,Patla,Female,2004-10-10,yashasvi.patla235@student.college.edu,9797325675,DEP000001,AY000004,SEM000007,True
2026-07-30T14:48:25.567479,2026-07-30T14:48:25.567485,ST000236,AIML2023236,Harshil,Rattan,Male,2005-05-22,harshil.rattan236@student.college.edu,7971213985,DEP000001,AY000004,SEM000007,True
2026-07-30T14:48:25.567573,2026-07-30T14:48:25.567579,ST000237,AIML2023237,Yadavi,Patla,Female,2006-05-01,yadavi.patla237@student.college.edu,9410716687,DEP000001,AY000004,SEM000007,True
2026-07-30T14:48:25.567668,2026-07-30T14:48:25.567675,ST000238,AIML2023238,Jack,Varughese,Male,2005-07-17,jack.varughese238@student.college.edu,9383904131,DEP000001,AY000004,SEM000007,True
2026-07-30T14:48:25.567800,2026-07-30T14:48:25.567806,ST000239,AIML2023239,Idika,Sanghvi,Female,2003-11-06,idika.sanghvi239@student.college.edu,9070874778,DEP000001,AY000004,SEM000007,True
2026-07-30T14:48:25.567904,2026-07-30T14:48:25.567910,ST000240,AIML2023240,Chaman,Swamy,Female,2004-01-09,chaman.swamy240@student.college.edu,6688373224,DEP000001,AY000004,SEM000007,True
2026-07-30T14:48:25.568000,2026-07-30T14:48:25.568007,ST000241,AIML2023241,Harshil,Nagi,Male,2005-12-09,harshil.nagi241@student.college.edu,6396654479,DEP000001,AY000004,SEM000007,True
2026-07-30T14:48:25.568095,2026-07-30T14:48:25.568101,ST000242,AIML2023242,Bhavika,Raman,Female,2005-10-15,bhavika.raman242@student.college.edu,6598096544,DEP000001,AY000004,SEM000007,True
2026-07-30T14:48:25.568187,2026-07-30T14:48:25.568193,ST000243,AIML2023243,Udant,Mistry,Male,2005-02-09,udant.mistry243@student.college.edu,7457301759,DEP000001,AY000004,SEM000007,True
2026-07-30T14:48:25.568280,2026-07-30T14:48:25.568287,ST000244,AIML2023244,Yug,Luthra,Male,2004-03-01,yug.luthra244@student.college.edu,6256914969,DEP000001,AY000004,SEM000007,True
2026-07-30T14:48:25.568378,2026-07-30T14:48:25.568385,ST000245,AIML2023245,Vincent,Bumb,Male,2004-11-24,vincent.bumb245@student.college.edu,6722204636,DEP000001,AY000004,SEM000007,True
2026-07-30T14:48:25.568478,2026-07-30T14:48:25.568483,ST000246,AIML2023246,Faras,Ganguly,Male,2005-06-10,faras.ganguly246@student.college.edu,6863552664,DEP000001,AY000004,SEM000007,True
2026-07-30T14:48:25.568576,2026-07-30T14:48:25.568581,ST000247,AIML2023247,Yagnesh,Issac,Male,2005-11-19,yagnesh.issac247@student.college.edu,6235648135,DEP000001,AY000004,SEM000007,True
2026-07-30T14:48:25.568666,2026-07-30T14:48:25.568671,ST000248,AIML2023248,Viraj,Varkey,Male,2003-09-28,viraj.varkey248@student.college.edu,8894469536,DEP000001,AY000004,SEM000007,True
2026-07-30T14:48:25.568777,2026-07-30T14:48:25.568783,ST000249,AIML2023249,Watika,Dara,Female,2004-01-19,watika.dara249@student.college.edu,8034596159,DEP000001,AY000004,SEM000007,True
2026-07-30T14:48:25.568862,2026-07-30T14:48:25.568867,ST000250,AIML2023250,Wakeeta,Gulati,Female,2005-04-27,wakeeta.gulati250@student.college.edu,8343918541,DEP000001,AY000004,SEM000007,True
2026-07-30T14:48:25.568950,2026-07-30T14:48:25.568955,ST000251,AIML2023251,Victor,Panchal,Male,2004-11-05,victor.panchal251@student.college.edu,7316958825,DEP000001,AY000004,SEM000007,True
2026-07-30T14:48:25.569035,2026-07-30T14:48:25.569040,ST000252,AIML2023252,Indira,Mannan,Female,2004-06-21,indira.mannan252@student.college.edu,8231317451,DEP000001,AY000004,SEM000007,True
2026-07-30T14:48:25.569118,2026-07-30T14:48:25.569123,ST000253,AIML2023253,Jacob,Bail,Male,2004-04-21,jacob.bail253@student.college.edu,6889107909,DEP000001,AY000004,SEM000007,True
2026-07-30T14:48:25.569203,2026-07-30T14:48:25.569208,ST000254,AIML2023254,Omya,Dani,Female,2004-06-04,omya.dani254@student.college.edu,6637314428,DEP000001,AY000004,SEM000007,True
2026-07-30T14:48:25.569285,2026-07-30T14:48:25.569289,ST000255,AIML2023255,Manthan,Kari,Male,2004-01-21,manthan.kari255@student.college.edu,7524808983,DEP000001,AY000004,SEM000007,True
2026-07-30T14:48:25.569366,2026-07-30T14:48:25.569371,ST000256,AIML2023256,Charvi,Contractor,Female,2005-12-19,charvi.contractor256@student.college.edu,8899331361,DEP000001,AY000004,SEM000007,True
2026-07-30T14:48:25.569465,2026-07-30T14:48:25.569476,ST000257,AIML2023257,Abhiram,Atwal,Male,2006-07-28,abhiram.atwal257@student.college.edu,8589783472,DEP000001,AY000004,SEM000007,True
2026-07-30T14:48:25.569565,2026-07-30T14:48:25.569571,ST000258,AIML2023258,Ekanta,Choudhry,Female,2005-06-12,ekanta.choudhry258@student.college.edu,8244355257,DEP000001,AY000004,SEM000007,True
2026-07-30T14:48:25.569653,2026-07-30T14:48:25.569659,ST000259,AIML2023259,Elijah,Dasgupta,Male,2005-08-13,elijah.dasgupta259@student.college.edu,8877478710,DEP000001,AY000004,SEM000007,True
2026-07-30T14:48:25.569755,2026-07-30T14:48:25.569760,ST000260,AIML2023260,Zayan,Gara,Male,2005-11-05,zayan.gara260@student.college.edu,8713988686,DEP000001,AY000004,SEM000007,True
2026-07-30T14:48:25.569854,2026-07-30T14:48:25.569859,ST000261,AIML2023261,Ojas,Ramakrishnan,Male,2004-01-11,ojas.ramakrishnan261@student.college.edu,9428734777,DEP000001,AY000004,SEM000007,True
2026-07-30T14:48:25.569910,2026-07-30T14:48:25.569914,ST000262,AIML2023262,Tanay,Gandhi,Male,2004-05-29,tanay.gandhi262@student.college.edu,7760206989,DEP000001,AY000004,SEM000007,True
2026-07-30T14:48:25.569960,2026-07-30T14:48:25.569963,ST000263,AIML2023263,Vyanjana,Murthy,Female,2005-06-18,vyanjana.murthy263@student.college.edu,9340936837,DEP000001,AY000004,SEM000007,True
2026-07-30T14:48:25.570009,2026-07-30T14:48:25.570012,ST000264,AIML2023264,Chaaya,Mahajan,Female,2005-03-31,chaaya.mahajan264@student.college.edu,6781791226,DEP000001,AY000004,SEM000007,True
2026-07-30T14:48:25.570057,2026-07-30T14:48:25.570060,ST000265,AIML2023265,Harinakshi,Ray,Female,2004-04-03,harinakshi.ray265@student.college.edu,8874384177,DEP000001,AY000004,SEM000007,True
2026-07-30T14:48:25.570109,2026-07-30T14:48:25.570112,ST000266,AIML2023266,Unni,Saha,Female,2004-10-19,unni.saha266@student.college.edu,8205578801,DEP000001,AY000004,SEM000007,True
2026-07-30T14:48:25.570157,2026-07-30T14:48:25.570160,ST000267,AIML2023267,Balveer,Shroff,Male,2004-01-03,balveer.shroff267@student.college.edu,7444815089,DEP000001,AY000004,SEM000007,True
2026-07-30T14:48:25.570212,2026-07-30T14:48:25.570215,ST000268,AIML2023268,Maanas,Virk,Male,2006-05-25,maanas.virk268@student.college.edu,8274817977,DEP000001,AY000004,SEM000007,True
2026-07-30T14:48:25.570261,2026-07-30T14:48:25.570264,ST000269,AIML2023269,Wahab,Gour,Male,2004-01-25,wahab.gour269@student.college.edu,6563171870,DEP000001,AY000004,SEM000007,True
2026-07-30T14:48:25.570313,2026-07-30T14:48:25.570316,ST000270,AIML2023270,Fitan,Varghese,Male,2004-06-17,fitan.varghese270@student.college.edu,9825212340,DEP000001,AY000004,SEM000007,True
2026-07-30T14:48:25.570360,2026-07-30T14:48:25.570363,ST000271,AIML2023271,Nakul,Suri,Male,2006-05-25,nakul.suri271@student.college.edu,9195555884,DEP000001,AY000004,SEM000007,True
2026-07-30T14:48:25.570417,2026-07-30T14:48:25.570419,ST000272,AIML2023272,Urmi,Krishna,Female,2005-12-23,urmi.krishna272@student.college.edu,9241149277,DEP000001,AY000004,SEM000007,True
2026-07-30T14:48:25.570459,2026-07-30T14:48:25.570461,ST000273,AIML2023273,Aarnav,Mutti,Male,2003-08-27,aarnav.mutti273@student.college.edu,7952876495,DEP000001,AY000004,SEM000007,True
2026-07-30T14:48:25.570502,2026-07-30T14:48:25.570509,ST000274,AIML2023274,Omaja,Dube,Female,2006-06-08,omaja.dube274@student.college.edu,6078191451,DEP000001,AY000004,SEM000007,True
2026-07-30T14:48:25.570550,2026-07-30T14:48:25.570553,ST000275,AIML2023275,Christopher,Chacko,Male,2006-03-01,christopher.chacko275@student.college.edu,9644319086,DEP000001,AY000004,SEM000007,True
2026-07-30T14:48:25.570592,2026-07-30T14:48:25.570595,ST000276,AIML2023276,Aashi,Chakraborty,Female,2005-08-06,aashi.chakraborty276@student.college.edu,9875920673,DEP000001,AY000004,SEM000007,True
2026-07-30T14:48:25.570634,2026-07-30T14:48:25.570637,ST000277,AIML2023277,Fiyaz,Solanki,Male,2006-01-27,fiyaz.solanki277@student.college.edu,6641570127,DEP000001,AY000004,SEM000007,True
2026-07-30T14:48:25.570682,2026-07-30T14:48:25.570685,ST000278,AIML2023278,Shaurya,Jani,Male,2004-02-13,shaurya.jani278@student.college.edu,8918458220,DEP000001,AY000004,SEM000007,True
2026-07-30T14:48:25.570752,2026-07-30T14:48:25.570755,ST000279,AIML2023279,Darika,Vig,Female,2006-01-08,darika.vig279@student.college.edu,6012417473,DEP000001,AY000004,SEM000007,True
2026-07-30T14:48:25.570797,2026-07-30T14:48:25.570800,ST000280,AIML2023280,Nachiket,Roy,Male,2005-09-06,nachiket.roy280@student.college.edu,8642585272,DEP000001,AY000004,SEM000007,True
2026-07-30T14:48:25.570848,2026-07-30T14:48:25.570851,ST000281,AIML2023281,Ojas,Khanna,Male,2004-03-28,ojas.khanna281@student.college.edu,9038583039,DEP000001,AY000004,SEM000007,True
2026-07-30T14:48:25.570891,2026-07-30T14:48:25.570894,ST000282,AIML2023282,Osha,Reddy,Female,2005-09-03,osha.reddy282@student.college.edu,8906435484,DEP000001,AY000004,SEM000007,True
2026-07-30T14:48:25.570933,2026-07-30T14:48:25.570936,ST000283,AIML2023283,Lila,Bala,Female,2003-08-04,lila.bala283@student.college.edu,6772073495,DEP000001,AY000004,SEM000007,True
2026-07-30T14:48:25.570975,2026-07-30T14:48:25.570978,ST000284,AIML2023284,Leela,Cherian,Female,2004-07-21,leela.cherian284@student.college.edu,7499737543,DEP000001,AY000004,SEM000007,True
2026-07-30T14:48:25.571022,2026-07-30T14:48:25.571025,ST000285,AIML2023285,Qabil,Toor,Male,2005-10-02,qabil.toor285@student.college.edu,6667429116,DEP000001,AY000004,SEM000007,True
2026-07-30T14:48:25.571065,2026-07-30T14:48:25.571068,ST000286,AIML2023286,Ridhi,Borde,Female,2005-02-02,ridhi.borde286@student.college.edu,6651747732,DEP000001,AY000004,SEM000007,True
2026-07-30T14:48:25.571108,2026-07-30T14:48:25.571111,ST000287,AIML2023287,Mohammed,Wason,Male,2004-07-06,mohammed.wason287@student.college.edu,6618894956,DEP000001,AY000004,SEM000007,True
2026-07-30T14:48:25.571150,2026-07-30T14:48:25.571152,ST000288,AIML2023288,Chasmum,Gade,Female,2003-10-25,chasmum.gade288@student.college.edu,9108998425,DEP000001,AY000004,SEM000007,True
2026-07-30T14:48:25.571192,2026-07-30T14:48:25.571195,ST000289,AIML2023289,Ekta,Rege,Female,2005-08-12,ekta.rege289@student.college.edu,6840858786,DEP000001,AY000004,SEM000007,True
2026-07-30T14:48:25.571234,2026-07-30T14:48:25.571237,ST000290,AIML2023290,Pahal,Bera,Female,2004-12-23,pahal.bera290@student.college.edu,7271103336,DEP000001,AY000004,SEM000007,True
2026-07-30T14:48:25.571277,2026-07-30T14:48:25.571280,ST000291,AIML2023291,Aarna,Pal,Female,2004-08-11,aarna.pal291@student.college.edu,8477904376,DEP000001,AY000004,SEM000007,True
2026-07-30T14:48:25.571319,2026-07-30T14:48:25.571325,ST000292,AIML2023292,Yashodhara,Bhagat,Female,2005-02-02,yashodhara.bhagat292@student.college.edu,9203468014,DEP000001,AY000004,SEM000007,True
2026-07-30T14:48:25.571367,2026-07-30T14:48:25.571370,ST000293,AIML2023293,William,Bal,Male,2005-05-27,william.bal293@student.college.edu,7783414817,DEP000001,AY000004,SEM000007,True
2026-07-30T14:48:25.571409,2026-07-30T14:48:25.571412,ST000294,AIML2023294,Unni,Verma,Female,2004-04-06,unni.verma294@student.college.edu,6542249867,DEP000001,AY000004,SEM000007,True
2026-07-30T14:48:25.571516,2026-07-30T14:48:25.571522,ST000295,AIML2023295,Ira,Bhargava,Female,2005-10-13,ira.bhargava295@student.college.edu,9325543199,DEP000001,AY000004,SEM000007,True
2026-07-30T14:48:25.571607,2026-07-30T14:48:25.571612,ST000296,AIML2023296,Vasudha,Dey,Female,2004-01-05,vasudha.dey296@student.college.edu,9140166041,DEP000001,AY000004,SEM000007,True
2026-07-30T14:48:25.571688,2026-07-30T14:48:25.571693,ST000297,AIML2023297,Riya,Chakrabarti,Female,2005-04-21,riya.chakrabarti297@student.college.edu,7247500537,DEP000001,AY000004,SEM000007,True
2026-07-30T14:48:25.571754,2026-07-30T14:48:25.571757,ST000298,AIML2023298,Daksh,Mohanty,Male,2005-10-25,daksh.mohanty298@student.college.edu,9860789372,DEP000001,AY000004,SEM000007,True
2026-07-30T14:48:25.571799,2026-07-30T14:48:25.571802,ST000299,AIML2023299,Turvi,Shroff,Female,2005-11-23,turvi.shroff299@student.college.edu,8585331218,DEP000001,AY000004,SEM000007,True
2026-07-30T14:48:25.571844,2026-07-30T14:48:25.571847,ST000300,AIML2023300,Zilmil,Rai,Female,2004-12-19,zilmil.rai300@student.college.edu,6196943517,DEP000001,AY000004,SEM000007,True
2026-07-30T14:48:25.571888,2026-07-30T14:48:25.571891,ST000301,AIML2023301,Januja,Loyal,Female,2004-01-20,januja.loyal301@student.college.edu,7878279102,DEP000001,AY000004,SEM000007,True
2026-07-30T14:48:25.571932,2026-07-30T14:48:25.571935,ST000302,AIML2023302,Vasatika,Krishna,Female,2004-04-21,vasatika.krishna302@student.college.edu,7301609385,DEP000001,AY000004,SEM000007,True
2026-07-30T14:48:25.571984,2026-07-30T14:48:25.571987,ST000303,AIML2023303,Lila,Gupta,Female,2004-03-12,lila.gupta303@student.college.edu,6515415524,DEP000001,AY000004,SEM000007,True
2026-07-30T14:48:25.572028,2026-07-30T14:48:25.572031,ST000304,AIML2023304,Damini,Deshpande,Female,2005-06-03,damini.deshpande304@student.college.edu,9641095862,DEP000001,AY000004,SEM000007,True
2026-07-30T14:48:25.572071,2026-07-30T14:48:25.572074,ST000305,AIML2023305,Omkaar,Sarma,Male,2005-03-19,omkaar.sarma305@student.college.edu,8737002154,DEP000001,AY000004,SEM000007,True
2026-07-30T14:48:25.572120,2026-07-30T14:48:25.572123,ST000306,AIML2023306,Faqid,Arora,Male,2004-08-20,faqid.arora306@student.college.edu,9466071599,DEP000001,AY000004,SEM000007,True
2026-07-30T14:48:25.572164,2026-07-30T14:48:25.572167,ST000307,AIML2023307,Matthew,Tak,Male,2006-07-24,matthew.tak307@student.college.edu,9080253454,DEP000001,AY000004,SEM000007,True
2026-07-30T14:48:25.572210,2026-07-30T14:48:25.572213,ST000308,AIML2023308,Anita,Date,Female,2006-06-23,anita.date308@student.college.edu,7888452349,DEP000001,AY000004,SEM000007,True
2026-07-30T14:48:25.572255,2026-07-30T14:48:25.572261,ST000309,AIML2023309,Jagdish,Cheema,Male,2004-02-26,jagdish.cheema309@student.college.edu,9702737094,DEP000001,AY000004,SEM000007,True
2026-07-30T14:48:25.572304,2026-07-30T14:48:25.572307,ST000310,AIML2023310,Ishita,Badal,Female,2005-06-01,ishita.badal310@student.college.edu,6299200410,DEP000001,AY000004,SEM000007,True
2026-07-30T14:48:25.572348,2026-07-30T14:48:25.572351,ST000311,AIML2023311,Mason,Saxena,Male,2004-09-27,mason.saxena311@student.college.edu,9339907955,DEP000001,AY000004,SEM000007,True
2026-07-30T14:48:25.572391,2026-07-30T14:48:25.572394,ST000312,AIML2023312,Rohan,Krishnan,Male,2004-09-04,rohan.krishnan312@student.college.edu,9860432749,DEP000001,AY000004,SEM000007,True
2026-07-30T14:48:25.572455,2026-07-30T14:48:25.572466,ST000313,AIML2023313,Madhav,Tiwari,Male,2006-07-07,madhav.tiwari313@student.college.edu,9470380881,DEP000001,AY000004,SEM000007,True
2026-07-30T14:48:25.572630,2026-07-30T14:48:25.572641,ST000314,AIML2023314,Nathaniel,Mander,Male,2004-03-01,nathaniel.mander314@student.college.edu,7903632442,DEP000001,AY000004,SEM000007,True
2026-07-30T14:48:25.572861,2026-07-30T14:48:25.572875,ST000315,AIML2023315,Sneha,Salvi,Female,2004-02-18,sneha.salvi315@student.college.edu,9049190106,DEP000001,AY000004,SEM000007,True
2026-07-30T14:48:25.573008,2026-07-30T14:48:25.573018,ST000316,AIML2023316,Sanaya,Subramaniam,Female,2003-10-06,sanaya.subramaniam316@student.college.edu,8955037675,DEP000001,AY000004,SEM000007,True
2026-07-30T14:48:25.573116,2026-07-30T14:48:25.573122,ST000317,AIML2023317,Baljiwan,Thaman,Male,2005-06-03,baljiwan.thaman317@student.college.edu,6309961609,DEP000001,AY000004,SEM000007,True
2026-07-30T14:48:25.573168,2026-07-30T14:48:25.573171,ST000318,AIML2023318,Ikbal,Banerjee,Male,2004-07-07,ikbal.banerjee318@student.college.edu,9536524811,DEP000001,AY000004,SEM000007,True
2026-07-30T14:48:25.573213,2026-07-30T14:48:25.573215,ST000319,AIML2023319,Farhan,Agarwal,Male,2006-04-17,farhan.agarwal319@student.college.edu,9835371474,DEP000001,AY000004,SEM000007,True
2026-07-30T14:48:25.573257,2026-07-30T14:48:25.573260,ST000320,AIML2023320,Hredhaan,Wadhwa,Male,2003-08-17,hredhaan.wadhwa320@student.college.edu,8802433235,DEP000001,AY000004,SEM000007,True
2026-07-30T14:48:25.573307,2026-07-30T14:48:25.573311,ST000321,AIML2023321,Gautam,Kuruvilla,Male,2004-02-01,gautam.kuruvilla321@student.college.edu,7360760534,DEP000001,AY000004,SEM000007,True
2026-07-30T14:48:25.573404,2026-07-30T14:48:25.573411,ST000322,AIML2023322,Ekiya,Joshi,Female,2004-12-31,ekiya.joshi322@student.college.edu,8573049411,DEP000001,AY000004,SEM000007,True
2026-07-30T14:48:25.573505,2026-07-30T14:48:25.573512,ST000323,AIML2023323,Sarthak,Garg,Male,2005-11-07,sarthak.garg323@student.college.edu,6494093941,DEP000001,AY000004,SEM000007,True
2026-07-30T14:48:25.573630,2026-07-30T14:48:25.573636,ST000324,AIML2023324,Varenya,Wadhwa,Female,2005-08-10,varenya.wadhwa324@student.college.edu,8794791218,DEP000001,AY000004,SEM000007,True
2026-07-30T14:48:25.573754,2026-07-30T14:48:25.573763,ST000325,AIML2023325,Vasatika,Misra,Female,2005-07-29,vasatika.misra325@student.college.edu,7072666319,DEP000001,AY000004,SEM000007,True
2026-07-30T14:48:25.573868,2026-07-30T14:48:25.573891,ST000326,AIML2023326,Kashvi,Kalita,Female,2005-12-11,kashvi.kalita326@student.college.edu,7665120426,DEP000001,AY000004,SEM000007,True
2026-07-30T14:48:25.573986,2026-07-30T14:48:25.573990,ST000327,AIML2023327,Azaan,Deo,Male,2003-10-27,azaan.deo327@student.college.edu,9036783194,DEP000001,AY000004,SEM000007,True
2026-07-30T14:48:25.574037,2026-07-30T14:48:25.574040,ST000328,AIML2023328,Xalak,Mittal,Female,2004-11-06,xalak.mittal328@student.college.edu,8739214177,DEP000001,AY000004,SEM000007,True
2026-07-30T14:48:25.574082,2026-07-30T14:48:25.574085,ST000329,AIML2023329,Qarin,Sura,Male,2006-01-04,qarin.sura329@student.college.edu,9294335927,DEP000001,AY000004,SEM000007,True
2026-07-30T14:48:25.574126,2026-07-30T14:48:25.574129,ST000330,AIML2023330,Rachit,Palla,Male,2005-01-25,rachit.palla330@student.college.edu,6493138331,DEP000001,AY000004,SEM000007,True
2026-07-30T14:48:25.574191,2026-07-30T14:48:25.574194,ST000331,AIML2023331,Keya,Kade,Female,2006-02-02,keya.kade331@student.college.edu,7945483137,DEP000001,AY000004,SEM000007,True
2026-07-30T14:48:25.574252,2026-07-30T14:48:25.574255,ST000332,AIML2023332,Mitali,Salvi,Female,2005-03-19,mitali.salvi332@student.college.edu,9387496450,DEP000001,AY000004,SEM000007,True
2026-07-30T14:48:25.574296,2026-07-30T14:48:25.574299,ST000333,AIML2023333,Benjamin,Bahri,Male,2004-09-27,benjamin.bahri333@student.college.edu,6862874944,DEP000001,AY000004,SEM000007,True
2026-07-30T14:48:25.574373,2026-07-30T14:48:25.574376,ST000334,AIML2023334,Tanish,Jayaraman,Male,2004-07-10,tanish.jayaraman334@student.college.edu,9054091913,DEP000001,AY000004,SEM000007,True
2026-07-30T14:48:25.574453,2026-07-30T14:48:25.574458,ST000335,AIML2023335,Jeevika,Ben,Female,2004-03-23,jeevika.ben335@student.college.edu,9646238042,DEP000001,AY000004,SEM000007,True
2026-07-30T14:48:25.574521,2026-07-30T14:48:25.574525,ST000336,AIML2023336,Arin,Kala,Male,2003-09-20,arin.kala336@student.college.edu,8683377341,DEP000001,AY000004,SEM000007,True
2026-07-30T14:48:25.574615,2026-07-30T14:48:25.574624,ST000337,AIML2023337,Harish,Mitra,Male,2005-03-20,harish.mitra337@student.college.edu,9197542648,DEP000001,AY000004,SEM000007,True
2026-07-30T14:48:25.574824,2026-07-30T14:48:25.574832,ST000338,AIML2023338,Amrita,Khalsa,Female,2006-02-13,amrita.khalsa338@student.college.edu,8723791548,DEP000001,AY000004,SEM000007,True
2026-07-30T14:48:25.574953,2026-07-30T14:48:25.574964,ST000339,AIML2023339,Aishani,Khosla,Female,2005-07-04,aishani.khosla339@student.college.edu,8935154859,DEP000001,AY000004,SEM000007,True
2026-07-30T14:48:25.575058,2026-07-30T14:48:25.575065,ST000340,AIML2023340,Chatresh,Cheema,Male,2006-05-01,chatresh.cheema340@student.college.edu,6008467591,DEP000001,AY000004,SEM000007,True
2026-07-30T14:48:25.575175,2026-07-30T14:48:25.575183,ST000341,AIML2023341,Ishwar,Munshi,Male,2004-11-09,ishwar.munshi341@student.college.edu,7638151253,DEP000001,AY000004,SEM000007,True
2026-07-30T14:48:25.575259,2026-07-30T14:48:25.575263,ST000342,AIML2023342,Bhavna,Savant,Female,2005-01-11,bhavna.savant342@student.college.edu,7903482115,DEP000001,AY000004,SEM000007,True
2026-07-30T14:48:25.575329,2026-07-30T14:48:25.575334,ST000343,AIML2023343,Eiravati,Pau,Female,2006-01-11,eiravati.pau343@student.college.edu,8185562919,DEP000001,AY000004,SEM000007,True
2026-07-30T14:48:25.575406,2026-07-30T14:48:25.575411,ST000344,AIML2023344,Yash,Bawa,Male,2003-12-06,yash.bawa344@student.college.edu,7532723446,DEP000001,AY000004,SEM000007,True
2026-07-30T14:48:25.575478,2026-07-30T14:48:25.575481,ST000345,AIML2023345,Vasana,Deo,Female,2005-03-29,vasana.deo345@student.college.edu,6650748299,DEP000001,AY000004,SEM000007,True
2026-07-30T14:48:25.575528,2026-07-30T14:48:25.575531,ST000346,AIML2023346,Chakradev,Patil,Male,2004-10-08,chakradev.patil346@student.college.edu,9365318493,DEP000001,AY000004,SEM000007,True
2026-07-30T14:48:25.575577,2026-07-30T14:48:25.575580,ST000347,AIML2023347,Agastya,Chhabra,Male,2006-06-19,agastya.chhabra347@student.college.edu,9265919655,DEP000001,AY000004,SEM000007,True
2026-07-30T14:48:25.575627,2026-07-30T14:48:25.575630,ST000348,AIML2023348,Ridhi,Lad,Female,2005-05-06,ridhi.lad348@student.college.edu,7761384568,DEP000001,AY000004,SEM000007,True
2026-07-30T14:48:25.575677,2026-07-30T14:48:25.575680,ST000349,AIML2023349,Anamika,Tripathi,Female,2003-09-14,anamika.tripathi349@student.college.edu,6680348060,DEP000001,AY000004,SEM000007,True
2026-07-30T14:48:25.576006,2026-07-30T14:48:25.576011,ST000350,AIML2023350,Sachi,Saha,Female,2006-03-20,sachi.saha350@student.college.edu,6262409715,DEP000001,AY000004,SEM000007,True
2026-07-30T14:48:25.576076,2026-07-30T14:48:25.576080,ST000351,AIML2023351,Abha,Chaudry,Female,2004-07-12,abha.chaudry351@student.college.edu,9217963902,DEP000001,AY000004,SEM000007,True
2026-07-30T14:48:25.576131,2026-07-30T14:48:25.576134,ST000352,AIML2023352,Anthony,Yohannan,Male,2006-03-08,anthony.yohannan352@student.college.edu,8486709685,DEP000001,AY000004,SEM000007,True
2026-07-30T14:48:25.576182,2026-07-30T14:48:25.576186,ST000353,AIML2023353,Vamakshi,Mahal,Female,2006-04-10,vamakshi.mahal353@student.college.edu,9697036343,DEP000001,AY000004,SEM000007,True
2026-07-30T14:48:25.576234,2026-07-30T14:48:25.576237,ST000354,AIML2023354,Ayushman,Srinivasan,Male,2005-05-15,ayushman.srinivasan354@student.college.edu,9950789206,DEP000001,AY000004,SEM000007,True
2026-07-30T14:48:25.576308,2026-07-30T14:48:25.576314,ST000355,AIML2023355,Arjun,Badami,Male,2004-11-09,arjun.badami355@student.college.edu,7235616638,DEP000001,AY000004,SEM000007,True
2026-07-30T14:48:25.576403,2026-07-30T14:48:25.576409,ST000356,AIML2023356,Odika,Savant,Female,2005-06-07,odika.savant356@student.college.edu,8787351340,DEP000001,AY000004,SEM000007,True
2026-07-30T14:48:25.576497,2026-07-30T14:48:25.576502,ST000357,AIML2023357,Abha,Hegde,Female,2004-01-06,abha.hegde357@student.college.edu,8261420482,DEP000001,AY000004,SEM000007,True
2026-07-30T14:48:25.576595,2026-07-30T14:48:25.576600,ST000358,AIML2023358,Niharika,Rajan,Female,2004-07-27,niharika.rajan358@student.college.edu,8067075225,DEP000001,AY000004,SEM000007,True
2026-07-30T14:48:25.576691,2026-07-30T14:48:25.576705,ST000359,AIML2023359,Tristan,Merchant,Male,2006-03-26,tristan.merchant359@student.college.edu,6951129351,DEP000001,AY000004,SEM000007,True
2026-07-30T14:48:25.576760,2026-07-30T14:48:25.576763,ST000360,AIML2023360,Quincy,Sagar,Male,2006-01-10,quincy.sagar360@student.college.edu,8297709265,DEP000001,AY000004,SEM000007,True
2026-07-30T14:48:25.576824,2026-07-30T14:48:25.576829,ST000361,AIML2023361,Yuvraj,Arora,Male,2005-01-05,yuvraj.arora361@student.college.edu,6982990121,DEP000001,AY000004,SEM000007,True
2026-07-30T14:48:25.576885,2026-07-30T14:48:25.576888,ST000362,AIML2023362,Eta,Madan,Female,2005-02-22,eta.madan362@student.college.edu,6823182816,DEP000001,AY000004,SEM000007,True
2026-07-30T14:48:25.576937,2026-07-30T14:48:25.576940,ST000363,AIML2023363,Devansh,Sharaf,Male,2006-02-14,devansh.sharaf363@student.college.edu,7241980736,DEP000001,AY000004,SEM000007,True
2026-07-30T14:48:25.576987,2026-07-30T14:48:25.576990,ST000364,AIML2023364,Tanveer,Aurora,Male,2005-12-23,tanveer.aurora364@student.college.edu,8766499304,DEP000001,AY000004,SEM000007,True
2026-07-30T14:48:25.577037,2026-07-30T14:48:25.577040,ST000365,AIML2023365,Ekaja,Deshmukh,Female,2004-07-19,ekaja.deshmukh365@student.college.edu,8544125166,DEP000001,AY000004,SEM000007,True
2026-07-30T14:48:25.577087,2026-07-30T14:48:25.577090,ST000366,AIML2023366,Falan,Mohanty,Male,2004-01-27,falan.mohanty366@student.college.edu,8582099127,DEP000001,AY000004,SEM000007,True
2026-07-30T14:48:25.577136,2026-07-30T14:48:25.577139,ST000367,AIML2023367,Pranav,Banik,Male,2006-06-30,pranav.banik367@student.college.edu,7105485064,DEP000001,AY000004,SEM000007,True
2026-07-30T14:48:25.577185,2026-07-30T14:48:25.577188,ST000368,AIML2023368,Darpan,Cherian,Male,2005-12-09,darpan.cherian368@student.college.edu,7843657386,DEP000001,AY000004,SEM000007,True
2026-07-30T14:48:25.577235,2026-07-30T14:48:25.577238,ST000369,AIML2023369,Jeet,Balakrishnan,Male,2004-03-25,jeet.balakrishnan369@student.college.edu,6419519757,DEP000001,AY000004,SEM000007,True
2026-07-30T14:48:25.577284,2026-07-30T14:48:25.577287,ST000370,AIML2023370,Anirudh,Sarin,Male,2004-04-12,anirudh.sarin370@student.college.edu,6860955205,DEP000001,AY000004,SEM000007,True
2026-07-30T14:48:25.577338,2026-07-30T14:48:25.577341,ST000371,AIML2023371,Saanvi,Grover,Female,2003-08-28,saanvi.grover371@student.college.edu,8270311610,DEP000001,AY000004,SEM000007,True
2026-07-30T14:48:25.577387,2026-07-30T14:48:25.577391,ST000372,AIML2023372,Bachittar,Rajan,Male,2005-02-25,bachittar.rajan372@student.college.edu,7606794263,DEP000001,AY000004,SEM000007,True
2026-07-30T14:48:25.577437,2026-07-30T14:48:25.577440,ST000373,AIML2023373,Upkaar,Khalsa,Male,2003-11-08,upkaar.khalsa373@student.college.edu,6526683889,DEP000001,AY000004,SEM000007,True
2026-07-30T14:48:25.577505,2026-07-30T14:48:25.577510,ST000374,AIML2023374,Devika,Bhatnagar,Female,2006-04-11,devika.bhatnagar374@student.college.edu,8929003434,DEP000001,AY000004,SEM000007,True
2026-07-30T14:48:25.577580,2026-07-30T14:48:25.577584,ST000375,AIML2023375,Thomas,Biswas,Male,2006-06-14,thomas.biswas375@student.college.edu,6132519289,DEP000001,AY000004,SEM000007,True
2026-07-30T14:48:25.577653,2026-07-30T14:48:25.577658,ST000376,AIML2023376,Bina,Kant,Female,2003-08-31,bina.kant376@student.college.edu,9359758763,DEP000001,AY000004,SEM000007,True
2026-07-30T14:48:25.577735,2026-07-30T14:48:25.577740,ST000377,AIML2023377,Ishani,Nayar,Female,2006-04-05,ishani.nayar377@student.college.edu,8928990060,DEP000001,AY000004,SEM000007,True
2026-07-30T14:48:25.577814,2026-07-30T14:48:25.577822,ST000378,AIML2023378,Lekha,Bhatti,Female,2006-03-03,lekha.bhatti378@student.college.edu,9906220387,DEP000001,AY000004,SEM000007,True
2026-07-30T14:48:25.577892,2026-07-30T14:48:25.577896,ST000379,AIML2023379,Nidhi,Tella,Female,2004-02-23,nidhi.tella379@student.college.edu,6708266012,DEP000001,AY000004,SEM000007,True
2026-07-30T14:48:25.577965,2026-07-30T14:48:25.577969,ST000380,AIML2023380,Zansi,Munshi,Female,2006-04-24,zansi.munshi380@student.college.edu,9472244172,DEP000001,AY000004,SEM000007,True
2026-07-30T14:48:25.578042,2026-07-30T14:48:25.578046,ST000381,AIML2023381,Dalbir,Batra,Male,2005-12-30,dalbir.batra381@student.college.edu,6605483283,DEP000001,AY000004,SEM000007,True
2026-07-30T14:48:25.578112,2026-07-30T14:48:25.578117,ST000382,AIML2023382,Bina,Iyengar,Female,2003-12-22,bina.iyengar382@student.college.edu,8571166053,DEP000001,AY000004,SEM000007,True
2026-07-30T14:48:25.578198,2026-07-30T14:48:25.578206,ST000383,AIML2023383,Yochana,Thaman,Female,2004-10-16,yochana.thaman383@student.college.edu,7193959538,DEP000001,AY000004,SEM000007,True
2026-07-30T14:48:25.578298,2026-07-30T14:48:25.578303,ST000384,AIML2023384,Watika,Krishnamurthy,Female,2004-01-21,watika.krishnamurthy384@student.college.edu,8290894239,DEP000001,AY000004,SEM000007,True
2026-07-30T14:48:25.578374,2026-07-30T14:48:25.578378,ST000385,AIML2023385,Varsha,Balakrishnan,Female,2006-07-06,varsha.balakrishnan385@student.college.edu,8415464322,DEP000001,AY000004,SEM000007,True
2026-07-30T14:48:25.578449,2026-07-30T14:48:25.578453,ST000386,AIML2023386,Jackson,Barad,Male,2004-11-02,jackson.barad386@student.college.edu,6759155771,DEP000001,AY000004,SEM000007,True
2026-07-30T14:48:25.578524,2026-07-30T14:48:25.578530,ST000387,AIML2023387,Raksha,Kala,Female,2005-06-30,raksha.kala387@student.college.edu,7517276146,DEP000001,AY000004,SEM000007,True
2026-07-30T14:48:25.578603,2026-07-30T14:48:25.578607,ST000388,AIML2023388,Libni,Krishna,Female,2005-06-07,libni.krishna388@student.college.edu,8216675737,DEP000001,AY000004,SEM000007,True
2026-07-30T14:48:25.578684,2026-07-30T14:48:25.578689,ST000389,AIML2023389,Veer,Barad,Male,2004-12-07,veer.barad389@student.college.edu,8601632061,DEP000001,AY000004,SEM000007,True
2026-07-30T14:48:25.578749,2026-07-30T14:48:25.578752,ST000390,AIML2023390,Jeremiah,Pradhan,Male,2003-08-14,jeremiah.pradhan390@student.college.edu,7251348515,DEP000001,AY000004,SEM000007,True
2026-07-30T14:48:25.578795,2026-07-30T14:48:25.578798,ST000391,AIML2023391,Anay,Sarin,Male,2005-01-12,anay.sarin391@student.college.edu,8951085934,DEP000001,AY000004,SEM000007,True
2026-07-30T14:48:25.578836,2026-07-30T14:48:25.578839,ST000392,AIML2023392,Advay,Natt,Male,2003-08-02,advay.natt392@student.college.edu,9379186110,DEP000001,AY000004,SEM000007,True
2026-07-30T14:48:25.578876,2026-07-30T14:48:25.578878,ST000393,AIML2023393,Victor,Shetty,Male,2005-09-21,victor.shetty393@student.college.edu,6376468885,DEP000001,AY000004,SEM000007,True
2026-07-30T14:48:25.578915,2026-07-30T14:48:25.578918,ST000394,AIML2023394,Dalbir,Karpe,Male,2004-01-08,dalbir.karpe394@student.college.edu,8249853060,DEP000001,AY000004,SEM000007,True
2026-07-30T14:48:25.578955,2026-07-30T14:48:25.578958,ST000395,AIML2023395,Siddharth,Yohannan,Male,2005-07-19,siddharth.yohannan395@student.college.edu,6429571431,DEP000001,AY000004,SEM000007,True
2026-07-30T14:48:25.578996,2026-07-30T14:48:25.578999,ST000396,AIML2023396,Hemang,Krish,Male,2003-12-20,hemang.krish396@student.college.edu,6527503534,DEP000001,AY000004,SEM000007,True
2026-07-30T14:48:25.579045,2026-07-30T14:48:25.579047,ST000397,AIML2023397,Finn,Dewan,Male,2006-07-26,finn.dewan397@student.college.edu,9812377593,DEP000001,AY000004,SEM000007,True
2026-07-30T14:48:25.579084,2026-07-30T14:48:25.579087,ST000398,AIML2023398,Jai,Bora,Male,2004-10-09,jai.bora398@student.college.edu,8766031031,DEP000001,AY000004,SEM000007,True
2026-07-30T14:48:25.579123,2026-07-30T14:48:25.579126,ST000399,AIML2023399,Hemani,Ganesan,Female,2003-08-12,hemani.ganesan399@student.college.edu,7333786859,DEP000001,AY000004,SEM000007,True
2026-07-30T14:48:25.579162,2026-07-30T14:48:25.579165,ST000400,AIML2023400,Laksh,Tiwari,Male,2004-05-12,laksh.tiwari400@student.college.edu,7758499279,DEP000001,AY000004,SEM000007,True
2026-07-30T14:48:25.579201,2026-07-30T14:48:25.579204,ST000401,AIML2023401,Hitesh,Mander,Male,2005-02-11,hitesh.mander401@student.college.edu,7527283230,DEP000001,AY000004,SEM000007,True
2026-07-30T14:48:25.579241,2026-07-30T14:48:25.579243,ST000402,AIML2023402,Ridhi,Shroff,Female,2003-10-18,ridhi.shroff402@student.college.edu,6102799601,DEP000001,AY000004,SEM000007,True
2026-07-30T14:48:25.579280,2026-07-30T14:48:25.579282,ST000403,AIML2023403,Gaurav,Dada,Male,2004-08-06,gaurav.dada403@student.college.edu,7224075113,DEP000001,AY000004,SEM000007,True
2026-07-30T14:48:25.579322,2026-07-30T14:48:25.579325,ST000404,AIML2023404,Vedant,Chopra,Male,2005-07-20,vedant.chopra404@student.college.edu,6102557551,DEP000001,AY000004,SEM000007,True
2026-07-30T14:48:25.579377,2026-07-30T14:48:25.579380,ST000405,AIML2023405,Nathan,Khatri,Male,2005-02-13,nathan.khatri405@student.college.edu,8541195936,DEP000001,AY000004,SEM000007,True
2026-07-30T14:48:25.579423,2026-07-30T14:48:25.579426,ST000406,AIML2023406,Dalbir,Bawa,Male,2005-01-27,dalbir.bawa406@student.college.edu,8596677888,DEP000001,AY000004,SEM000007,True
2026-07-30T14:48:25.579471,2026-07-30T14:48:25.579474,ST000407,AIML2023407,Raghav,Walla,Male,2003-10-13,raghav.walla407@student.college.edu,9861824777,DEP000001,AY000004,SEM000007,True
2026-07-30T14:48:25.579517,2026-07-30T14:48:25.579520,ST000408,AIML2023408,Benjamin,Oza,Male,2004-09-08,benjamin.oza408@student.college.edu,7843445632,DEP000001,AY000004,SEM000007,True
2026-07-30T14:48:25.579563,2026-07-30T14:48:25.579566,ST000409,AIML2023409,Yutika,Kuruvilla,Female,2004-12-04,yutika.kuruvilla409@student.college.edu,7533194656,DEP000001,AY000004,SEM000007,True
2026-07-30T14:48:25.579609,2026-07-30T14:48:25.579612,ST000410,AIML2023410,Agastya,Sheth,Male,2003-11-04,agastya.sheth410@student.college.edu,7395766154,DEP000001,AY000004,SEM000007,True
2026-07-30T14:48:25.579654,2026-07-30T14:48:25.579657,ST000411,AIML2023411,Nikita,Sharma,Female,2004-07-09,nikita.sharma411@student.college.edu,9120444229,DEP000001,AY000004,SEM000007,True
2026-07-30T14:48:25.579718,2026-07-30T14:48:25.579726,ST000412,AIML2023412,Vivaan,Salvi,Male,2006-03-30,vivaan.salvi412@student.college.edu,7855470375,DEP000001,AY000004,SEM000007,True
2026-07-30T14:48:25.579803,2026-07-30T14:48:25.579817,ST000413,AIML2023413,Ekantika,Dara,Female,2004-03-03,ekantika.dara413@student.college.edu,6803463221,DEP000001,AY000004,SEM000007,True
2026-07-30T14:48:25.579866,2026-07-30T14:48:25.579869,ST000414,AIML2023414,Nidhi,Din,Female,2004-09-12,nidhi.din414@student.college.edu,7891548087,DEP000001,AY000004,SEM000007,True
2026-07-30T14:48:25.579956,2026-07-30T14:48:25.579960,ST000415,AIML2023415,Chatura,Sastry,Male,2003-12-14,chatura.sastry415@student.college.edu,9198220711,DEP000001,AY000004,SEM000007,True
2026-07-30T14:48:25.580009,2026-07-30T14:48:25.580012,ST000416,AIML2023416,Ekalinga,Dhar,Male,2004-11-17,ekalinga.dhar416@student.college.edu,8776445402,DEP000001,AY000004,SEM000007,True
2026-07-30T14:48:25.580057,2026-07-30T14:48:25.580060,ST000417,AIML2023417,Akshay,Wagle,Male,2005-06-15,akshay.wagle417@student.college.edu,8732172229,DEP000001,AY000004,SEM000007,True
2026-07-30T14:48:25.580103,2026-07-30T14:48:25.580106,ST000418,AIML2023418,Gaurang,Chahal,Male,2005-11-13,gaurang.chahal418@student.college.edu,8411926779,DEP000001,AY000004,SEM000007,True
2026-07-30T14:48:25.580154,2026-07-30T14:48:25.580157,ST000419,AIML2023419,Vasudha,Bajaj,Female,2006-06-20,vasudha.bajaj419@student.college.edu,9758584952,DEP000001,AY000004,SEM000007,True
2026-07-30T14:48:25.580200,2026-07-30T14:48:25.580204,ST000420,AIML2023420,Samaksh,Rai,Male,2003-10-16,samaksh.rai420@student.college.edu,8714658304,DEP000001,AY000004,SEM000007,True
2026-07-30T14:48:25.580247,2026-07-30T14:48:25.580250,ST000421,AIML2023421,Samaksh,Hora,Male,2006-06-13,samaksh.hora421@student.college.edu,7913533504,DEP000001,AY000004,SEM000007,True
2026-07-30T14:48:25.580293,2026-07-30T14:48:25.580296,ST000422,AIML2023422,Girik,Som,Male,2004-09-28,girik.som422@student.college.edu,8926195243,DEP000001,AY000004,SEM000007,True
2026-07-30T14:48:25.580339,2026-07-30T14:48:25.580342,ST000423,AIML2023423,Ishwar,Mall,Male,2004-10-14,ishwar.mall423@student.college.edu,8056184242,DEP000001,AY000004,SEM000007,True
2026-07-30T14:48:25.580385,2026-07-30T14:48:25.580388,ST000424,AIML2023424,Neel,Sahota,Male,2004-10-28,neel.sahota424@student.college.edu,9393906596,DEP000001,AY000004,SEM000007,True
2026-07-30T14:48:25.580449,2026-07-30T14:48:25.580451,ST000425,AIML2023425,Vanya,Nadig,Female,2006-05-21,vanya.nadig425@student.college.edu,9139905421,DEP000001,AY000004,SEM000007,True
2026-07-30T14:48:25.580491,2026-07-30T14:48:25.580494,ST000426,AIML2023426,Girindra,Modi,Male,2004-03-12,girindra.modi426@student.college.edu,6553303944,DEP000001,AY000004,SEM000007,True
2026-07-30T14:48:25.580534,2026-07-30T14:48:25.580537,ST000427,AIML2023427,Mohini,Arya,Female,2003-09-25,mohini.arya427@student.college.edu,9450953972,DEP000001,AY000004,SEM000007,True
2026-07-30T14:48:25.580577,2026-07-30T14:48:25.580580,ST000428,AIML2023428,David,Keer,Male,2006-02-26,david.keer428@student.college.edu,7004889718,DEP000001,AY000004,SEM000007,True
2026-07-30T14:48:25.580620,2026-07-30T14:48:25.580623,ST000429,AIML2023429,Zaitra,Sahota,Female,2004-04-19,zaitra.sahota429@student.college.edu,6720851896,DEP000001,AY000004,SEM000007,True
2026-07-30T14:48:25.580664,2026-07-30T14:48:25.580670,ST000430,AIML2023430,Simon,Bose,Male,2004-05-07,simon.bose430@student.college.edu,8866115108,DEP000001,AY000004,SEM000007,True
2026-07-30T14:48:25.580728,2026-07-30T14:48:25.580732,ST000431,AIML2023431,Sanaya,Gaba,Female,2006-04-10,sanaya.gaba431@student.college.edu,7127723198,DEP000001,AY000004,SEM000007,True
2026-07-30T14:48:25.580773,2026-07-30T14:48:25.580776,ST000432,AIML2023432,Pranit,Brar,Male,2005-12-25,pranit.brar432@student.college.edu,9868744376,DEP000001,AY000004,SEM000007,True
2026-07-30T14:48:25.580816,2026-07-30T14:48:25.580819,ST000433,AIML2023433,Ranbir,Bora,Male,2005-02-07,ranbir.bora433@student.college.edu,7214818459,DEP000001,AY000004,SEM000007,True
2026-07-30T14:48:25.580859,2026-07-30T14:48:25.580861,ST000434,AIML2023434,Aahana,Kamdar,Female,2004-02-11,aahana.kamdar434@student.college.edu,8831817551,DEP000001,AY000004,SEM000007,True
2026-07-30T14:48:25.580903,2026-07-30T14:48:25.580906,ST000435,AIML2023435,Peter,Sarma,Male,2003-09-24,peter.sarma435@student.college.edu,9629078805,DEP000001,AY000004,SEM000007,True
2026-07-30T14:48:25.580947,2026-07-30T14:48:25.580950,ST000436,AIML2023436,Victor,Mitter,Male,2005-10-10,victor.mitter436@student.college.edu,8196807581,DEP000001,AY000004,SEM000007,True
2026-07-30T14:48:25.580993,2026-07-30T14:48:25.580996,ST000437,AIML2023437,Yatin,Majumdar,Male,2004-09-22,yatin.majumdar437@student.college.edu,7335409366,DEP000001,AY000004,SEM000007,True
2026-07-30T14:48:25.581038,2026-07-30T14:48:25.581041,ST000438,AIML2023438,Vansha,Acharya,Female,2004-03-07,vansha.acharya438@student.college.edu,7130689164,DEP000001,AY000004,SEM000007,True
2026-07-30T14:48:25.581081,2026-07-30T14:48:25.581084,ST000439,AIML2023439,Tanish,Vaidya,Male,2005-05-17,tanish.vaidya439@student.college.edu,7112766834,DEP000001,AY000004,SEM000007,True
2026-07-30T14:48:25.581124,2026-07-30T14:48:25.581127,ST000440,AIML2023440,Yachana,Mane,Female,2005-12-10,yachana.mane440@student.college.edu,8338622833,DEP000001,AY000004,SEM000007,True
2026-07-30T14:48:25.581168,2026-07-30T14:48:25.581171,ST000441,AIML2023441,Harini,Kaul,Female,2003-08-17,harini.kaul441@student.college.edu,6974140488,DEP000001,AY000004,SEM000007,True
2026-07-30T14:48:25.581212,2026-07-30T14:48:25.581215,ST000442,AIML2023442,Balhaar,Rai,Male,2004-05-19,balhaar.rai442@student.college.edu,9851630832,DEP000001,AY000004,SEM000007,True
2026-07-30T14:48:25.581258,2026-07-30T14:48:25.581261,ST000443,AIML2023443,Om,Taneja,Male,2004-01-03,om.taneja443@student.college.edu,9330319089,DEP000001,AY000004,SEM000007,True
2026-07-30T14:48:25.581306,2026-07-30T14:48:25.581310,ST000444,AIML2023444,Ekiya,Lal,Female,2004-09-26,ekiya.lal444@student.college.edu,8256471416,DEP000001,AY000004,SEM000007,True
2026-07-30T14:48:25.581351,2026-07-30T14:48:25.581354,ST000445,AIML2023445,Adya,Acharya,Female,2004-03-08,adya.acharya445@student.college.edu,8171505377,DEP000001,AY000004,SEM000007,True
2026-07-30T14:48:25.581414,2026-07-30T14:48:25.581417,ST000446,AIML2023446,Pahal,Magar,Female,2005-12-26,pahal.magar446@student.college.edu,8101176565,DEP000001,AY000004,SEM000007,True
2026-07-30T14:48:25.581469,2026-07-30T14:48:25.581475,ST000447,AIML2023447,Osha,Zachariah,Female,2006-01-01,osha.zachariah447@student.college.edu,6568986119,DEP000001,AY000004,SEM000007,True
2026-07-30T14:48:25.581519,2026-07-30T14:48:25.581521,ST000448,AIML2023448,Elijah,Hari,Male,2004-04-23,elijah.hari448@student.college.edu,8318684280,DEP000001,AY000004,SEM000007,True
2026-07-30T14:48:25.581561,2026-07-30T14:48:25.581564,ST000449,AIML2023449,Brijesh,Bawa,Male,2004-01-25,brijesh.bawa449@student.college.edu,6008057755,DEP000001,AY000004,SEM000007,True
2026-07-30T14:48:25.581603,2026-07-30T14:48:25.581606,ST000450,AIML2023450,Ansh,Ramakrishnan,Male,2005-03-30,ansh.ramakrishnan450@student.college.edu,8900302127,DEP000001,AY000004,SEM000007,True
2026-07-30T14:48:25.581647,2026-07-30T14:48:25.581650,ST000451,AIML2023451,Saumya,Ravi,Female,2004-03-03,saumya.ravi451@student.college.edu,9457516604,DEP000001,AY000004,SEM000007,True
2026-07-30T14:48:25.581689,2026-07-30T14:48:25.581691,ST000452,AIML2023452,Ijaya,Baria,Female,2006-02-27,ijaya.baria452@student.college.edu,9314897068,DEP000001,AY000004,SEM000007,True
2026-07-30T14:48:25.581767,2026-07-30T14:48:25.581770,ST000453,AIML2023453,Unnati,Prasad,Female,2003-09-06,unnati.prasad453@student.college.edu,8908418651,DEP000001,AY000004,SEM000007,True
2026-07-30T14:48:25.581812,2026-07-30T14:48:25.581815,ST000454,AIML2023454,Manthan,Raja,Male,2004-06-24,manthan.raja454@student.college.edu,8105049802,DEP000001,AY000004,SEM000007,True
2026-07-30T14:48:25.581857,2026-07-30T14:48:25.581859,ST000455,AIML2023455,Simon,Chaudhary,Male,2004-03-05,simon.chaudhary455@student.college.edu,7368844191,DEP000001,AY000004,SEM000007,True
2026-07-30T14:48:25.581899,2026-07-30T14:48:25.581902,ST000456,AIML2023456,Harsh,Shah,Male,2004-08-18,harsh.shah456@student.college.edu,9533645978,DEP000001,AY000004,SEM000007,True
2026-07-30T14:48:25.581942,2026-07-30T14:48:25.581945,ST000457,AIML2023457,Maanav,Tiwari,Male,2006-01-23,maanav.tiwari457@student.college.edu,9343819907,DEP000001,AY000004,SEM000007,True
2026-07-30T14:48:25.581986,2026-07-30T14:48:25.581989,ST000458,AIML2023458,Pranav,Nanda,Male,2004-08-01,pranav.nanda458@student.college.edu,9313287479,DEP000001,AY000004,SEM000007,True
2026-07-30T14:48:25.582026,2026-07-30T14:48:25.582029,ST000459,AIML2023459,Raagini,Dada,Female,2004-10-17,raagini.dada459@student.college.edu,6915707729,DEP000001,AY000004,SEM000007,True
2026-07-30T14:48:25.582070,2026-07-30T14:48:25.582072,ST000460,AIML2023460,Daniel,Mander,Male,2004-06-01,daniel.mander460@student.college.edu,7967134849,DEP000001,AY000004,SEM000007,True
2026-07-30T14:48:25.582113,2026-07-30T14:48:25.582116,ST000461,AIML2023461,Vincent,Buch,Male,2005-11-17,vincent.buch461@student.college.edu,8982613543,DEP000001,AY000004,SEM000007,True
2026-07-30T14:48:25.582155,2026-07-30T14:48:25.582158,ST000462,AIML2023462,Falguni,Chander,Female,2005-12-02,falguni.chander462@student.college.edu,6575960263,DEP000001,AY000004,SEM000007,True
2026-07-30T14:48:25.582196,2026-07-30T14:48:25.582200,ST000463,AIML2023463,Robert,Mishra,Male,2003-11-04,robert.mishra463@student.college.edu,6850131796,DEP000001,AY000004,SEM000007,True
2026-07-30T14:48:25.582239,2026-07-30T14:48:25.582241,ST000464,AIML2023464,Chandran,Dhingra,Male,2003-10-31,chandran.dhingra464@student.college.edu,9096825208,DEP000001,AY000004,SEM000007,True
2026-07-30T14:48:25.582289,2026-07-30T14:48:25.582293,ST000465,AIML2023465,Girindra,Krishnamurthy,Male,2006-04-29,girindra.krishnamurthy465@student.college.edu,9640663159,DEP000001,AY000004,SEM000007,True
2026-07-30T14:48:25.582333,2026-07-30T14:48:25.582335,ST000466,AIML2023466,Daksha,Sandal,Female,2005-02-03,daksha.sandal466@student.college.edu,6470996019,DEP000001,AY000004,SEM000007,True
2026-07-30T14:48:25.582372,2026-07-30T14:48:25.582375,ST000467,AIML2023467,Faras,Bose,Male,2004-02-24,faras.bose467@student.college.edu,6624123825,DEP000001,AY000004,SEM000007,True
2026-07-30T14:48:25.582431,2026-07-30T14:48:25.582433,ST000468,AIML2023468,Tanish,Khatri,Male,2005-11-22,tanish.khatri468@student.college.edu,8815183557,DEP000001,AY000004,SEM000007,True
2026-07-30T14:48:25.582470,2026-07-30T14:48:25.582473,ST000469,AIML2023469,Kashish,Shetty,Female,2004-05-09,kashish.shetty469@student.college.edu,6224494738,DEP000001,AY000004,SEM000007,True
2026-07-30T14:48:25.582509,2026-07-30T14:48:25.582511,ST000470,AIML2023470,Simon,Pradhan,Male,2005-11-09,simon.pradhan470@student.college.edu,6801186158,DEP000001,AY000004,SEM000007,True
2026-07-30T14:48:25.582548,2026-07-30T14:48:25.582551,ST000471,AIML2023471,Karan,Shroff,Male,2003-08-16,karan.shroff471@student.college.edu,6649065455,DEP000001,AY000004,SEM000007,True
2026-07-30T14:48:25.582587,2026-07-30T14:48:25.582590,ST000472,AIML2023472,Abhimanyu,Dhar,Male,2003-12-01,abhimanyu.dhar472@student.college.edu,9506633923,DEP000001,AY000004,SEM000007,True
2026-07-30T14:48:25.582626,2026-07-30T14:48:25.582628,ST000473,AIML2023473,Nandini,Rau,Female,2004-12-12,nandini.rau473@student.college.edu,8572763275,DEP000001,AY000004,SEM000007,True
2026-07-30T14:48:25.582665,2026-07-30T14:48:25.582667,ST000474,AIML2023474,Gayathri,Pandey,Female,2006-06-01,gayathri.pandey474@student.college.edu,8513607556,DEP000001,AY000004,SEM000007,True
2026-07-30T14:48:25.582734,2026-07-30T14:48:25.582737,ST000475,AIML2023475,Ojas,Chadha,Male,2003-09-12,ojas.chadha475@student.college.edu,7532865087,DEP000001,AY000004,SEM000007,True
2026-07-30T14:48:25.582779,2026-07-30T14:48:25.582781,ST000476,AIML2023476,Nidra,Sastry,Female,2004-03-01,nidra.sastry476@student.college.edu,7121545144,DEP000001,AY000004,SEM000007,True
2026-07-30T14:48:25.582818,2026-07-30T14:48:25.582821,ST000477,AIML2023477,Jairaj,Raval,Male,2004-07-04,jairaj.raval477@student.college.edu,8661810783,DEP000001,AY000004,SEM000007,True
2026-07-30T14:48:25.582858,2026-07-30T14:48:25.582861,ST000478,AIML2023478,Unni,Apte,Female,2003-10-21,unni.apte478@student.college.edu,6962516650,DEP000001,AY000004,SEM000007,True
2026-07-30T14:48:25.582903,2026-07-30T14:48:25.582905,ST000479,AIML2023479,Wahab,Jhaveri,Male,2004-08-09,wahab.jhaveri479@student.college.edu,6386507172,DEP000001,AY000004,SEM000007,True
2026-07-30T14:48:25.582941,2026-07-30T14:48:25.582944,ST000480,AIML2023480,Eiravati,Amble,Female,2005-09-12,eiravati.amble480@student.college.edu,9429081730,DEP000001,AY000004,SEM000007,True
2026-07-30T14:48:25.582981,2026-07-30T14:48:25.582983,ST000481,AIML2023481,Yashawini,Saran,Female,2003-11-03,yashawini.saran481@student.college.edu,8361602745,DEP000001,AY000004,SEM000007,True
2026-07-30T14:48:25.583025,2026-07-30T14:48:25.583027,ST000482,AIML2023482,Qadim,Balasubramanian,Male,2005-10-27,qadim.balasubramanian482@student.college.edu,8702995154,DEP000001,AY000004,SEM000007,True
2026-07-30T14:48:25.583064,2026-07-30T14:48:25.583067,ST000483,AIML2023483,Bhavna,Magar,Female,2005-07-13,bhavna.magar483@student.college.edu,6985619526,DEP000001,AY000004,SEM000007,True
2026-07-30T14:48:25.583103,2026-07-30T14:48:25.583106,ST000484,AIML2023484,Indrajit,Halder,Male,2003-09-15,indrajit.halder484@student.college.edu,8520188975,DEP000001,AY000004,SEM000007,True
2026-07-30T14:48:25.583142,2026-07-30T14:48:25.583144,ST000485,AIML2023485,Ishanvi,Pai,Female,2005-03-01,ishanvi.pai485@student.college.edu,8215823622,DEP000001,AY000004,SEM000007,True
2026-07-30T14:48:25.583180,2026-07-30T14:48:25.583183,ST000486,AIML2023486,Keya,Kalita,Female,2004-07-16,keya.kalita486@student.college.edu,6956970495,DEP000001,AY000004,SEM000007,True
2026-07-30T14:48:25.583219,2026-07-30T14:48:25.583221,ST000487,AIML2023487,Samarth,Sharma,Male,2005-10-09,samarth.sharma487@student.college.edu,9994622255,DEP000001,AY000004,SEM000007,True
2026-07-30T14:48:25.583257,2026-07-30T14:48:25.583259,ST000488,AIML2023488,Tristan,Singhal,Male,2006-05-08,tristan.singhal488@student.college.edu,6453812505,DEP000001,AY000004,SEM000007,True
2026-07-30T14:48:25.583299,2026-07-30T14:48:25.583302,ST000489,AIML2023489,Charan,Ghose,Male,2005-09-17,charan.ghose489@student.college.edu,7389101789,DEP000001,AY000004,SEM000007,True
2026-07-30T14:48:25.583338,2026-07-30T14:48:25.583341,ST000490,AIML2023490,Pratyush,Bhatt,Male,2003-09-13,pratyush.bhatt490@student.college.edu,7376152857,DEP000001,AY000004,SEM000007,True
2026-07-30T14:48:25.583377,2026-07-30T14:48:25.583380,ST000491,AIML2023491,Darsh,Chhabra,Male,2003-11-05,darsh.chhabra491@student.college.edu,8253665147,DEP000001,AY000004,SEM000007,True
2026-07-30T14:48:25.583415,2026-07-30T14:48:25.583418,ST000492,AIML2023492,Jeevika,Babu,Female,2004-05-24,jeevika.babu492@student.college.edu,7096392377,DEP000001,AY000004,SEM000007,True
2026-07-30T14:48:25.583453,2026-07-30T14:48:25.583455,ST000493,AIML2023493,Devika,Mangal,Female,2003-09-03,devika.mangal493@student.college.edu,6562626931,DEP000001,AY000004,SEM000007,True
2026-07-30T14:48:25.583490,2026-07-30T14:48:25.583492,ST000494,AIML2023494,Falan,Murty,Male,2005-12-08,falan.murty494@student.college.edu,7265198852,DEP000001,AY000004,SEM000007,True
2026-07-30T14:48:25.583528,2026-07-30T14:48:25.583530,ST000495,AIML2023495,Nihal,Mitter,Male,2004-03-03,nihal.mitter495@student.college.edu,6091055809,DEP000001,AY000004,SEM000007,True
2026-07-30T14:48:25.583565,2026-07-30T14:48:25.583568,ST000496,AIML2023496,Hardik,Kohli,Male,2003-08-11,hardik.kohli496@student.college.edu,9620179959,DEP000001,AY000004,SEM000007,True
2026-07-30T14:48:25.583603,2026-07-30T14:48:25.583605,ST000497,AIML2023497,Diya,Bhavsar,Female,2005-01-30,diya.bhavsar497@student.college.edu,7850309798,DEP000001,AY000004,SEM000007,True
2026-07-30T14:48:25.583647,2026-07-30T14:48:25.583649,ST000498,AIML2023498,Vaishnavi,Ben,Female,2003-11-23,vaishnavi.ben498@student.college.edu,9546498194,DEP000001,AY000004,SEM000007,True
2026-07-30T14:48:25.583685,2026-07-30T14:48:25.583691,ST000499,AIML2023499,Yauvani,Bajwa,Female,2005-08-24,yauvani.bajwa499@student.college.edu,6951675921,DEP000001,AY000004,SEM000007,True
2026-07-30T14:48:25.583739,2026-07-30T14:48:25.583741,ST000500,AIML2023500,Irya,Vala,Female,2004-11-19,irya.vala500@student.college.edu,6591927103,DEP000001,AY000004,SEM000007,True
