student_id,name,email,phone,age,gender,current_score,semester,attendance_pct,department,admission_type,credits_earned,total_credits,family_income,registration_date,last_active_date,mentor_assigned,mentor_id
EE2020001,Naveen Mishra,naveen.mishra95@gmail.com,+917515968276,21,Male,30.87,8,57.17,EEE,Merit,54,200,Low,2020-08-22,2026-03-28,False,
CS2021002,Sneha Gowda,sneha.gowda18@gmail.com,+917887716372,22,Female,68.77,7,65.18,CSE,Management,111,175,Medium,2021-07-16,2026-03-22,False,
CS2024003,Tarun Gupta,tarun.gupta95@gmail.com,+919161136438,19,Male,49.19,1,72.26,CSE,Lateral Entry,10,25,Medium,2024-08-29,2026-03-25,False,
CS2023004,Dinesh Jain,dinesh.jain76@gmail.com,+917891274835,18,Male,70.1,3,78.49,CSE,Merit,54,75,Medium,2023-08-09,2026-04-01,False,
ME2023005,Nandini Kumar,nandini.kumar12@gmail.com,+917893943861,20,Female,88.36,3,87.11,ME,Merit,57,75,High,2023-08-26,2026-03-22,False,
EC2021006,Navya Hegde,navya.hegde78@gmail.com,+919438175028,21,Female,75.89,7,69.46,ECE,Management,114,175,High,2021-07-24,2026-04-10,False,
CS2023007,Vivaan Saxena,vivaan.saxena92@gmail.com,+917272552610,18,Male,68.95,2,63.55,CSE,Management,35,50,Low,2023-08-02,2026-04-17,False,
EE2023008,Chetan Jain,chetan.jain29@gmail.com,+918690804839,19,Male,76.34,2,77.23,EEE,Merit,38,50,Medium,2023-07-14,2026-03-27,False,
CS2022009,Manoj Shukla,manoj.shukla1@gmail.com,+918563390156,19,Male,83.1,4,72.53,CSE,Merit,85,100,High,2022-08-14,2026-04-12,False,
CS2023010,Girish Nair,girish.nair55@gmail.com,+919270731194,19,Male,76.52,2,80.27,CSE,Management,39,50,High,2023-08-13,2026-04-07,False,
CS2021011,Virat Kulkarni,virat.kulkarni28@gmail.com,+917556545752,20,Male,78.28,7,66.28,CSE,Merit,140,175,Low,2021-07-27,2026-04-11,False,
EC2023012,Girish Pandey,girish.pandey12@gmail.com,+917928540878,18,Male,50.18,2,75.55,ECE,Merit,26,50,Low,2023-08-08,2026-04-07,False,
AD2023013,Rahul Gupta,rahul.gupta45@gmail.com,+918172073914,18,Male,63.73,2,68.26,AIDS,Management,28,50,Medium,2023-08-13,2026-03-29,False,
CS2022014,Ganesh Shetty,ganesh.shetty94@gmail.com,+917613911991,20,Male,70.77,4,77.51,CSE,Merit,65,100,Medium,2022-07-09,2026-04-18,False,
IS2023015,Deepak Jain,deepak.jain49@gmail.com,+917426241019,19,Male,36.57,2,62.97,ISE,Management,15,50,Low,2023-08-08,2026-04-11,False,
EE2024016,Pari Saxena,pari.saxena81@gmail.com,+918997955761,18,Female,57.49,1,74.01,EEE,Lateral Entry,15,25,High,2024-07-02,2026-04-02,False,
AI2020017,Jyothi Yadav,jyothi.yadav25@gmail.com,+919671666426,22,Female,65.26,8,68.27,AIML,Merit,134,200,Low,2020-08-21,2026-03-26,False,
CV2024018,Rakesh Reddy,rakesh.reddy85@gmail.com,+917446546429,19,Male,65.28,1,62.12,CE,Merit,15,25,Low,2024-08-05,2026-04-10,False,
CS2023019,Aashi Patil,aashi.patil30@gmail.com,+917600229623,19,Female,63.02,2,65.02,CSE,Management,29,50,High,2023-07-22,2026-03-27,False,
ME2020020,Anand Gupta,anand.gupta36@gmail.com,+918770439175,22,Male,77.87,8,71.54,ME,Management,159,200,Medium,2020-07-19,2026-04-03,False,
AD2021021,Deepak Yadav,deepak.yadav48@gmail.com,+917975866588,20,Male,76.47,6,81.18,AIDS,Merit,110,150,High,2021-08-29,2026-04-16,False,
CS2023022,Neha Menon,neha.menon35@gmail.com,+919179348896,19,Female,75.16,2,72.6,CSE,Merit,38,50,Low,2023-08-19,2026-03-26,False,
EC2020023,Sanjay Reddy,sanjay.reddy82@gmail.com,+919294521577,21,Male,66.02,8,62.26,ECE,Lateral Entry,126,200,Medium,2020-07-26,2026-03-27,False,
CS2021024,Advika Jain,advika.jain32@gmail.com,+919122268806,21,Female,45.02,7,60.32,CSE,Management,67,175,Medium,2021-07-28,2026-04-04,False,
EC2023025,Shaurya Bose,shaurya.bose35@gmail.com,+918765898681,20,Male,56.75,3,50.11,ECE,Management,38,75,Low,2023-08-29,2026-03-29,False,
IS2022026,Jagdish Saxena,jagdish.saxena88@gmail.com,+917934855903,20,Male,42.2,5,64.26,ISE,Management,53,125,Medium,2022-07-28,2026-03-31,False,
AD2023027,Kavya Singh,kavya.singh5@gmail.com,+917469281814,18,Female,50.99,2,77.06,AIDS,Merit,22,50,Medium,2023-08-09,2026-03-25,False,
EE2022028,Kavya Bansal,kavya.bansal9@gmail.com,+918333448894,20,Female,47.23,5,68.69,EEE,Merit,59,125,Medium,2022-07-14,2026-03-21,False,
IS2024029,Pranav Tiwari,pranav.tiwari41@gmail.com,+919974703859,19,Male,23.6,1,60.42,ISE,Merit,5,25,Low,2024-07-23,2026-04-14,False,
CS2020030,Pranav Kamath,pranav.kamath83@gmail.com,+918635207134,22,Male,78.36,8,82.3,CSE,Merit,138,200,High,2020-08-24,2026-04-03,False,
IS2021031,Ishita Verma,ishita.verma18@gmail.com,+918860932235,20,Female,76.77,7,79.85,ISE,Merit,131,175,Medium,2021-08-09,2026-04-18,False,
CS2023032,Ira Saxena,ira.saxena34@gmail.com,+919646573613,19,Female,81.76,2,68.81,CSE,Merit,37,50,Low,2023-08-03,2026-03-24,False,
EE2022033,Tarun Shukla,tarun.shukla75@gmail.com,+918653805292,19,Male,44.44,4,63.05,EEE,Lateral Entry,39,100,Low,2022-08-04,2026-03-26,False,
EC2023034,Swati Yadav,swati.yadav18@gmail.com,+917445933919,18,Female,85.17,3,80.22,ECE,Merit,63,75,High,2023-07-30,2026-04-10,False,
EC2022035,Chaitra Kamath,chaitra.kamath97@gmail.com,+917725017530,19,Female,65.06,4,75.68,ECE,Merit,67,100,Low,2022-07-19,2026-03-30,False,
EC2024036,Vihaan Mishra,vihaan.mishra81@gmail.com,+917437861656,18,Male,48.89,1,61.58,ECE,Management,12,25,Low,2024-07-14,2026-04-12,False,
EC2023037,Shaurya Shah,shaurya.shah9@gmail.com,+919602798993,19,Male,67.17,3,71.38,ECE,Lateral Entry,47,75,Medium,2023-07-09,2026-04-09,False,
ME2022038,Riya Agarwal,riya.agarwal60@gmail.com,+919449204103,20,Female,55.03,5,83.05,ME,Merit,59,125,Medium,2022-08-23,2026-04-07,False,
CS2023039,Deepika Shetty,deepika.shetty2@gmail.com,+919115814828,18,Female,79.75,2,86.82,CSE,Merit,38,50,Medium,2023-08-29,2026-03-25,False,
ME2021040,Abhishek Mishra,abhishek.mishra69@gmail.com,+919323807545,22,Male,81.84,7,84.19,ME,Merit,150,175,High,2021-07-19,2026-04-16,False,
CS2022041,Uma Kulkarni,uma.kulkarni44@gmail.com,+919291100046,19,Female,54.67,4,82.08,CSE,Merit,53,100,Medium,2022-07-28,2026-03-24,False,
CV2023042,Myra Patil,myra.patil21@gmail.com,+918433867739,19,Female,67.1,3,81.45,CE,Merit,45,75,Low,2023-07-28,2026-04-06,False,
IS2024043,Deepak Sharma,deepak.sharma93@gmail.com,+919958134097,17,Male,75.4,1,80.65,ISE,Merit,19,25,Medium,2024-08-25,2026-03-27,False,
EC2021044,Kabir Bhat,kabir.bhat65@gmail.com,+917662171966,20,Male,80.63,6,86.28,ECE,Merit,112,150,High,2021-08-17,2026-03-29,False,
AD2022045,Hemanth Gupta,hemanth.gupta39@gmail.com,+919800791554,20,Male,57.27,5,72.37,AIDS,Management,64,125,Medium,2022-07-01,2026-04-05,False,
IS2022046,Keerthi Bhat,keerthi.bhat26@gmail.com,+919130061031,21,Female,50.48,4,65.44,ISE,Management,47,100,Medium,2022-08-19,2026-03-23,False,
CS2022047,Diya Yadav,diya.yadav70@gmail.com,+917279606266,20,Female,89.76,4,72.51,CSE,Merit,87,100,Low,2022-08-08,2026-03-31,False,
CV2024048,Mohan Deshpande,mohan.deshpande77@gmail.com,+917686882897,19,Male,73.9,1,70.23,CE,Merit,18,25,Medium,2024-08-11,2026-03-27,False,
ME2020049,Kavya Kamath,kavya.kamath15@gmail.com,+917495529616,22,Female,63.04,8,64.05,ME,Merit,115,200,Low,2020-07-11,2026-04-03,False,
CS2024050,Jagdish Yadav,jagdish.yadav31@gmail.com,+918705052423,17,Male,66.25,1,84.71,CSE,Merit,16,25,Medium,2024-08-27,2026-03-21,False,
EC2021051,Vihaan Gowda,vihaan.gowda11@gmail.com,+919860254268,20,Male,39.79,6,70.01,ECE,Merit,55,150,Medium,2021-08-14,2026-03-24,False,
EE2024052,Sai Kamath,sai.kamath98@gmail.com,+917150066487,17,Male,66.22,1,72.83,EEE,Lateral Entry,16,25,High,2024-08-16,2026-04-04,False,
EE2022053,Varun Joshi,varun.joshi85@gmail.com,+917234285389,19,Male,71.9,4,80.14,EEE,Merit,71,100,Medium,2022-08-07,2026-03-24,False,
EE2023054,Rajesh Saxena,rajesh.saxena34@gmail.com,+917882903323,18,Male,74.9,2,75.86,EEE,Merit,33,50,Medium,2023-07-25,2026-03-30,False,
ME2021055,Deepika Rastogi,deepika.rastogi28@gmail.com,+918461634019,21,Female,68.25,6,78.17,ME,Management,94,150,Medium,2021-07-26,2026-03-30,False,
AD2023056,Jagdish Jain,jagdish.jain89@gmail.com,+919554299364,18,Male,44.5,2,57.55,AIDS,Lateral Entry,19,50,Low,2023-07-30,2026-03-20,False,
ME2021057,Advik Deshmukh,advik.deshmukh86@gmail.com,+918788899111,20,Male,57.18,7,66.15,ME,Management,102,175,High,2021-08-18,2026-03-28,False,
AI2022058,Chetan Yadav,chetan.yadav67@gmail.com,+918343794766,21,Male,61.05,5,69.01,AIML,Management,69,125,Medium,2022-08-02,2026-03-30,False,
CV2022059,Tanvi Mishra,tanvi.mishra29@gmail.com,+917265916991,19,Female,83.08,4,73.04,CE,Merit,76,100,Medium,2022-07-23,2026-04-14,False,
CS2023060,Arjun Pandey,arjun.pandey76@gmail.com,+917696247870,18,Male,80.68,2,69.08,CSE,Management,40,50,Medium,2023-07-05,2026-04-02,False,
AI2020061,Fathima Hegde,fathima.hegde29@gmail.com,+919908916104,23,Female,60.86,8,82.03,AIML,Merit,123,200,Medium,2020-08-10,2026-04-08,False,
CS2021062,Saanvi Reddy,saanvi.reddy81@gmail.com,+919377346308,20,Female,66.34,6,68.42,CSE,Merit,98,150,Medium,2021-08-09,2026-04-12,False,
ME2023063,Vihaan Hegde,vihaan.hegde5@gmail.com,+917910652222,20,Male,66.24,3,49.24,ME,Management,42,75,Low,2023-08-20,2026-04-12,False,
EC2023064,Anand Pandey,anand.pandey66@gmail.com,+917698169023,18,Male,85.59,2,85.25,ECE,Merit,43,50,High,2023-08-02,2026-03-25,False,
CS2021065,Ira Kulkarni,ira.kulkarni63@gmail.com,+919400173909,20,Female,63.95,6,65.04,CSE,Management,83,150,Medium,2021-07-24,2026-04-06,False,
ME2022066,Pranav Jain,pranav.jain93@gmail.com,+917782707267,20,Male,77.97,4,79.69,ME,Management,77,100,Medium,2022-07-20,2026-04-14,False,
CS2021067,Jagdish Tiwari,jagdish.tiwari61@gmail.com,+919845592854,22,Male,60.27,7,73.84,CSE,Merit,104,175,High,2021-08-13,2026-04-07,False,
EE2022068,Dhruv Naik,dhruv.naik25@gmail.com,+918755150185,20,Male,70.12,5,64.96,EEE,Management,90,125,Medium,2022-07-23,2026-04-08,False,
IS2023069,Reyansh Gupta,reyansh.gupta56@gmail.com,+919635422133,18,Male,47.5,2,74.2,ISE,Management,23,50,Medium,2023-08-26,2026-03-30,False,
ME2023070,Rudra Shah,rudra.shah60@gmail.com,+918829524298,19,Male,53.97,2,78.44,ME,Lateral Entry,24,50,Medium,2023-07-24,2026-03-28,False,
AI2024071,Anand Singh,anand.singh84@gmail.com,+919582728112,18,Male,51.27,1,55.16,AIML,Management,11,25,Low,2024-08-18,2026-04-11,False,
EE2023072,Chetan Gupta,chetan.gupta52@gmail.com,+917313812151,20,Male,36.8,2,66.85,EEE,Lateral Entry,18,50,Low,2023-07-01,2026-04-01,False,
ME2023073,Sahana Pandey,sahana.pandey32@gmail.com,+917747522417,18,Female,59.98,3,77.72,ME,Merit,46,75,Medium,2023-07-10,2026-04-09,False,
CS2022074,Prisha Iyer,prisha.iyer58@gmail.com,+919770670299,19,Female,62.16,4,66.68,CSE,Management,53,100,High,2022-08-16,2026-03-25,False,
CS2021075,Krishna Shah,krishna.shah36@gmail.com,+917527097505,21,Male,68.32,7,69.51,CSE,Management,111,175,High,2021-07-21,2026-03-28,False,
CS2023076,Deepak Gowda,deepak.gowda57@gmail.com,+917467256326,18,Male,77.41,2,68.36,CSE,Management,36,50,High,2023-08-16,2026-04-18,False,
EC2023077,Fathima Gupta,fathima.gupta84@gmail.com,+917247008630,18,Female,65.97,2,87.15,ECE,Merit,33,50,Medium,2023-08-27,2026-03-30,False,
ME2024078,Eshwari Sharma,eshwari.sharma97@gmail.com,+917720847085,17,Female,61.69,1,64.7,ME,Merit,15,25,Low,2024-07-22,2026-03-28,False,
AI2020079,Ira Nair,ira.nair63@gmail.com,+918921291617,21,Female,74.66,8,68.83,AIML,Merit,141,200,Low,2020-08-06,2026-04-02,False,
CS2021080,Archana Menon,archana.menon8@gmail.com,+918687919316,21,Female,82.45,6,79.22,CSE,Merit,121,150,Low,2021-08-14,2026-04-09,False,
ME2023081,Advika Agarwal,advika.agarwal50@gmail.com,+917301717311,20,Female,60.24,3,78.26,ME,Merit,40,75,High,2023-08-09,2026-04-08,False,
EC2021082,Kabir Bose,kabir.bose55@gmail.com,+918385205730,20,Male,57.64,7,66.54,ECE,Lateral Entry,90,175,Medium,2021-07-20,2026-04-04,False,
ME2021083,Sanjay Saxena,sanjay.saxena92@gmail.com,+919515936876,20,Male,55.08,7,81.12,ME,Merit,95,175,Medium,2021-08-08,2026-03-25,False,
EE2024084,Amit Verma,amit.verma38@gmail.com,+917195112669,18,Male,52.17,1,68.69,EEE,Merit,12,25,Low,2024-07-08,2026-03-31,False,
EE2021085,Navya Singh,navya.singh95@gmail.com,+919526042053,21,Female,58.66,6,72.84,EEE,Lateral Entry,77,150,High,2021-08-27,2026-03-28,False,
CS2024086,Varun Singh,varun.singh41@gmail.com,+919595132487,17,Male,72.78,1,63.35,CSE,Lateral Entry,17,25,High,2024-08-04,2026-03-26,False,
EE2022087,Vihaan Singh,vihaan.singh62@gmail.com,+919486010023,19,Male,78.95,4,69.19,EEE,Merit,79,100,Medium,2022-07-18,2026-04-06,False,
CS2023088,Nikhil Deshpande,nikhil.deshpande8@gmail.com,+917204800566,19,Male,72.56,3,82.12,CSE,Merit,54,75,High,2023-08-21,2026-04-05,False,
ME2024089,Nikhil Rao,nikhil.rao9@gmail.com,+917647631800,19,Male,43.3,1,56.17,ME,Management,10,25,Low,2024-08-18,2026-03-20,False,
IS2023090,Ganesh Reddy,ganesh.reddy31@gmail.com,+919482718244,20,Male,61.06,3,67.78,ISE,Merit,47,75,Low,2023-08-06,2026-03-21,False,
CV2023091,Vikram Mishra,vikram.mishra32@gmail.com,+919760239421,20,Male,57.51,3,67.73,CE,Management,41,75,Low,2023-08-03,2026-04-08,False,
EE2024092,Pavan Rastogi,pavan.rastogi80@gmail.com,+917530034693,17,Male,75.05,1,69.4,EEE,Management,18,25,Medium,2024-08-01,2026-04-16,False,
ME2022093,Sai Mehta,sai.mehta75@gmail.com,+919499173960,20,Male,48.65,5,72.22,ME,Lateral Entry,53,125,High,2022-07-25,2026-04-16,False,
ME2024094,Gayathri Deshpande,gayathri.deshpande34@gmail.com,+918473605306,17,Female,79.11,1,71.11,ME,Merit,18,25,Low,2024-08-29,2026-04-14,False,
IS2021095,Pranav Chauhan,pranav.chauhan34@gmail.com,+917670828076,21,Male,71.89,7,69.12,ISE,Merit,121,175,Medium,2021-07-24,2026-04-13,False,
CS2022096,Swati Joshi,swati.joshi83@gmail.com,+919788913199,19,Female,50.86,5,72.6,CSE,Management,65,125,High,2022-08-26,2026-03-24,False,
IS2021097,Kian Bose,kian.bose97@gmail.com,+918781616934,20,Male,54.77,6,80.53,ISE,Merit,73,150,High,2021-07-27,2026-04-05,False,
CV2022098,Ananya Sharma,ananya.sharma80@gmail.com,+918271735895,19,Female,53.99,5,66.99,CE,Management,70,125,Low,2022-08-29,2026-03-22,False,
AI2021099,Harsha Gupta,harsha.gupta69@gmail.com,+917906963039,22,Male,67.02,6,73.94,AIML,Management,94,150,High,2021-08-25,2026-03-24,False,
ME2021100,Pranav Bhat,pranav.bhat17@gmail.com,+918733823994,21,Male,71.64,7,72.46,ME,Merit,112,175,Medium,2021-08-03,2026-03-24,False,
CS2020101,Jagdish Dubey,jagdish.dubey32@gmail.com,+917547577576,21,Male,79.01,8,72.38,CSE,Merit,158,200,Medium,2020-07-11,2026-03-28,False,
CS2020102,Rohan Patil,rohan.patil57@gmail.com,+917931574036,22,Male,39.19,8,61.42,CSE,Lateral Entry,82,200,High,2020-08-29,2026-03-24,False,
CS2021103,Eshwari Deshmukh,eshwari.deshmukh84@gmail.com,+919751404056,20,Female,74.57,6,69.04,CSE,Management,99,150,Medium,2021-08-22,2026-03-21,False,
EE2023104,Sachin Sharma,sachin.sharma71@gmail.com,+919642112130,18,Male,55.86,3,62.92,EEE,Management,42,75,Low,2023-07-14,2026-03-20,False,
ME2022105,Kian Gupta,kian.gupta34@gmail.com,+917961247141,20,Male,41.4,4,68.03,ME,Merit,41,100,Low,2022-07-17,2026-04-06,False,
ME2024106,Ayaan Gupta,ayaan.gupta71@gmail.com,+919529584990,17,Male,63.47,1,72.91,ME,Management,13,25,Medium,2024-07-24,2026-03-31,False,
CS2024107,Ishaan Kulkarni,ishaan.kulkarni78@gmail.com,+918607475029,19,Male,63.98,1,79.79,CSE,Merit,14,25,Medium,2024-08-21,2026-04-06,False,
ME2023108,Pranav Pandey,pranav.pandey88@gmail.com,+917913745837,20,Male,87.29,2,80.72,ME,Management,37,50,High,2023-08-08,2026-04-10,False,
IS2023109,Naveen Shetty,naveen.shetty63@gmail.com,+919638179419,19,Male,57.82,2,78.56,ISE,Management,28,50,Medium,2023-07-03,2026-03-24,False,
CS2024110,Kabir Singh,kabir.singh82@gmail.com,+917359210229,19,Male,55.16,1,71.39,CSE,Management,14,25,Medium,2024-07-08,2026-04-06,False,
CS2023111,Nandini Kulkarni,nandini.kulkarni1@gmail.com,+917189597893,18,Female,51.62,3,76.21,CSE,Management,33,75,Low,2023-07-29,2026-03-21,False,
CS2023112,Virat Joshi,virat.joshi34@gmail.com,+919812566713,19,Male,58.99,2,72.69,CSE,Management,28,50,Medium,2023-08-20,2026-04-02,False,
EC2023113,Shaurya Das,shaurya.das91@gmail.com,+919556077027,19,Male,39.84,3,63.16,ECE,Lateral Entry,27,75,High,2023-07-21,2026-04-11,False,
AI2024114,Nandini Saxena,nandini.saxena15@gmail.com,+917871733078,18,Female,51.39,1,69.25,AIML,Management,12,25,Medium,2024-08-29,2026-03-28,False,
CV2022115,Arjun Verma,arjun.verma5@gmail.com,+919509145062,19,Male,78.19,4,72.5,CE,Merit,71,100,Medium,2022-08-25,2026-04-07,False,
AI2023116,Ravi Yadav,ravi.yadav71@gmail.com,+919924738421,18,Male,48.86,2,78.45,AIML,Merit,22,50,Medium,2023-07-12,2026-04-08,False,
EC2024117,Diya Shah,diya.shah6@gmail.com,+917553282922,18,Female,73.49,1,78.87,ECE,Management,17,25,Medium,2024-08-13,2026-04-13,False,
CS2024118,Kian Yadav,kian.yadav46@gmail.com,+917233872126,19,Male,48.43,1,64.09,CSE,Merit,12,25,Low,2024-08-18,2026-04-18,False,
AD2022119,Pranav Gowda,pranav.gowda14@gmail.com,+919898725370,20,Male,70.4,5,84.99,AIDS,Merit,83,125,High,2022-08-13,2026-03-27,False,
EC2024120,Rudra Saxena,rudra.saxena80@gmail.com,+918979097167,19,Male,41.01,1,78.72,ECE,Lateral Entry,10,25,Medium,2024-08-03,2026-04-04,False,
EE2020121,Tejaswini Verma,tejaswini.verma21@gmail.com,+917606150032,21,Female,87.27,8,78.03,EEE,Management,155,200,High,2020-08-22,2026-04-05,False,
CV2022122,Kiara Mehta,kiara.mehta23@gmail.com,+917550773695,21,Female,74.86,4,80.69,CE,Merit,65,100,High,2022-08-07,2026-03-21,False,
AI2022123,Tarun Pandey,tarun.pandey86@gmail.com,+918649288332,21,Male,34.37,5,57.66,AIML,Management,42,125,Medium,2022-07-01,2026-04-04,False,
EC2023124,Anand Gowda,anand.gowda21@gmail.com,+918308304732,19,Male,70.36,3,70.38,ECE,Merit,51,75,Low,2023-07-14,2026-04-05,False,
ME2023125,Vinay Gupta,vinay.gupta5@gmail.com,+918965343815,18,Male,47.12,3,58.4,ME,Management,32,75,Medium,2023-08-13,2026-04-04,False,
EE2023126,Sunil Naik,sunil.naik26@gmail.com,+917982717562,20,Male,67.97,3,74.16,EEE,Management,52,75,High,2023-07-21,2026-04-15,False,
ME2023127,Venkat Bose,venkat.bose40@gmail.com,+918129105135,20,Male,63.16,2,76.43,ME,Management,28,50,Medium,2023-07-18,2026-03-20,False,
CS2020128,Venkat Hegde,venkat.hegde4@gmail.com,+917878030538,21,Male,98.0,8,81.81,CSE,Merit,170,200,High,2020-08-11,2026-03-21,False,
IS2023129,Manasa Iyer,manasa.iyer43@gmail.com,+918315721344,20,Female,79.47,3,84.64,ISE,Merit,60,75,Medium,2023-07-09,2026-03-22,False,
EC2022130,Sneha Reddy,sneha.reddy45@gmail.com,+918769547177,19,Female,47.21,5,62.79,ECE,Lateral Entry,58,125,Medium,2022-08-08,2026-03-22,False,
CS2024131,Lakshmi Bhat,lakshmi.bhat87@gmail.com,+918847087286,18,Female,58.04,1,69.17,CSE,Management,13,25,Low,2024-08-06,2026-04-03,False,
CS2022132,Eshwari Pandey,eshwari.pandey15@gmail.com,+917705186637,19,Female,44.36,4,66.85,CSE,Management,41,100,Low,2022-08-18,2026-04-10,False,
CS2023133,Bharath Shetty,bharath.shetty75@gmail.com,+917474637669,20,Male,74.21,3,55.58,CSE,Management,53,75,Low,2023-08-02,2026-04-11,False,
ME2023134,Kabir Kumar,kabir.kumar77@gmail.com,+917451599419,19,Male,54.86,3,83.35,ME,Merit,39,75,High,2023-08-13,2026-03-28,False,
CS2023135,Karthik Dubey,karthik.dubey41@gmail.com,+919651802027,20,Male,40.09,2,62.87,CSE,Management,19,50,Medium,2023-07-05,2026-04-15,False,
CS2022136,Karthik Rastogi,karthik.rastogi15@gmail.com,+919784952169,19,Male,62.26,5,77.26,CSE,Merit,72,125,Medium,2022-08-20,2026-03-22,False,
CS2020137,Rahul Tiwari,rahul.tiwari33@gmail.com,+917836837917,22,Male,60.6,8,64.77,CSE,Management,117,200,Medium,2020-08-21,2026-04-13,False,
CS2024138,Aadhya Shah,aadhya.shah67@gmail.com,+917493738988,17,Female,63.72,1,65.5,CSE,Merit,16,25,Low,2024-07-26,2026-03-27,False,
IS2022139,Jagdish Jain,jagdish.jain93@gmail.com,+919420350350,19,Male,38.32,4,68.89,ISE,Lateral Entry,36,100,High,2022-07-30,2026-04-16,False,
CS2021140,Tejaswini Iyer,tejaswini.iyer56@gmail.com,+918334845107,22,Female,70.44,7,63.07,CSE,Management,113,175,Medium,2021-07-10,2026-04-01,False,
EC2024141,Ananya Pandey,ananya.pandey41@gmail.com,+919556859742,19,Female,77.62,1,77.08,ECE,Merit,18,25,Medium,2024-08-22,2026-04-06,False,
CS2023142,Vishal Mishra,vishal.mishra39@gmail.com,+919443448748,19,Male,73.39,3,73.72,CSE,Management,56,75,High,2023-07-06,2026-03-22,False,
CV2024143,Nikhil Deshmukh,nikhil.deshmukh53@gmail.com,+919752941778,17,Male,63.24,1,79.17,CE,Merit,16,25,Medium,2024-07-15,2026-03-26,False,
CS2023144,Kavya Bansal,kavya.bansal38@gmail.com,+919240428443,18,Female,68.75,2,80.92,CSE,Merit,33,50,Low,2023-08-06,2026-04-02,False,
CV2023145,Akash Joshi,akash.joshi54@gmail.com,+917520975013,19,Male,52.96,2,59.93,CE,Merit,26,50,Low,2023-08-24,2026-04-14,False,
IS2022146,Vishal Agarwal,vishal.agarwal96@gmail.com,+919452823956,21,Male,42.61,4,61.56,ISE,Management,43,100,Low,2022-07-18,2026-03-29,False,
CS2024147,Dinesh Pillai,dinesh.pillai73@gmail.com,+919305984443,17,Male,68.29,1,65.05,CSE,Management,17,25,Medium,2024-07-29,2026-03-30,False,
CS2021148,Kian Bansal,kian.bansal1@gmail.com,+919538728895,21,Male,50.9,6,62.8,CSE,Management,68,150,Medium,2021-07-11,2026-03-22,False,
CV2023149,Kian Patil,kian.patil56@gmail.com,+917589341006,20,Male,72.52,3,68.49,CE,Lateral Entry,51,75,Medium,2023-07-08,2026-04-06,False,
IS2022150,Vinay Shukla,vinay.shukla84@gmail.com,+919552550114,20,Male,58.77,5,66.46,ISE,Merit,77,125,High,2022-07-19,2026-04-04,False,
EC2023151,Kavya Bose,kavya.bose57@gmail.com,+918313099268,18,Female,58.79,2,77.37,ECE,Management,27,50,Medium,2023-08-18,2026-04-16,False,
CV2023152,Abhishek Menon,abhishek.menon61@gmail.com,+919230146681,18,Male,54.78,2,84.86,CE,Merit,28,50,High,2023-08-01,2026-03-29,False,
CS2021153,Tejaswini Nair,tejaswini.nair11@gmail.com,+919287843081,21,Female,49.46,6,67.59,CSE,Merit,69,150,High,2021-07-22,2026-04-01,False,
CS2020154,Aarush Bhat,aarush.bhat82@gmail.com,+919688087981,22,Male,82.45,8,76.57,CSE,Merit,148,200,High,2020-07-21,2026-04-01,False,
EE2023155,Jyothi Pandey,jyothi.pandey97@gmail.com,+917213590918,20,Female,50.56,3,74.13,EEE,Merit,36,75,Low,2023-07-02,2026-04-01,False,
AD2022156,Dhruv Deshmukh,dhruv.deshmukh26@gmail.com,+917125137138,19,Male,93.1,5,85.34,AIDS,Merit,110,125,Medium,2022-07-19,2026-03-28,False,
CV2024157,Ishaan Patel,ishaan.patel32@gmail.com,+917147766655,18,Male,64.66,1,75.55,CE,Merit,16,25,Low,2024-08-04,2026-04-11,False,
EC2021158,Rajesh Malhotra,rajesh.malhotra59@gmail.com,+917379681325,20,Male,70.24,6,47.47,ECE,Management,100,150,Low,2021-08-23,2026-03-24,False,
AD2024159,Anjali Tiwari,anjali.tiwari92@gmail.com,+917606551672,17,Female,70.67,1,71.74,AIDS,Management,18,25,Medium,2024-07-04,2026-04-04,False,
CS2021160,Pallavi Agarwal,pallavi.agarwal52@gmail.com,+918800260069,20,Female,60.01,7,69.1,CSE,Merit,97,175,Medium,2021-07-29,2026-04-15,False,
ME2024161,Ira Verma,ira.verma89@gmail.com,+919360533123,17,Female,62.0,1,85.44,ME,Merit,15,25,Medium,2024-07-19,2026-04-05,False,
AD2023162,Aarav Gupta,aarav.gupta29@gmail.com,+918265850014,20,Male,63.82,2,65.14,AIDS,Management,29,50,Medium,2023-08-18,2026-03-30,False,
EE2021163,Atharv Deshpande,atharv.deshpande7@gmail.com,+918312358261,20,Male,32.57,6,60.81,EEE,Management,48,150,Medium,2021-08-29,2026-04-05,False,
CS2022164,Akash Gowda,akash.gowda59@gmail.com,+917582047548,20,Male,62.69,4,52.56,CSE,Lateral Entry,57,100,Low,2022-08-04,2026-04-09,False,
ME2021165,Krishna Bose,krishna.bose68@gmail.com,+919326101296,21,Male,75.17,7,87.14,ME,Merit,123,175,High,2021-07-06,2026-04-15,False,
CS2023166,Akash Rastogi,akash.rastogi97@gmail.com,+918105905950,19,Male,43.28,2,64.03,CSE,Lateral Entry,19,50,Medium,2023-08-25,2026-04-05,False,
IS2023167,Tanvi Malhotra,tanvi.malhotra65@gmail.com,+919177906501,18,Female,77.22,3,75.93,ISE,Merit,53,75,Medium,2023-07-15,2026-04-13,False,
CS2022168,Karthik Saxena,karthik.saxena21@gmail.com,+918667518127,20,Male,68.01,5,67.47,CSE,Lateral Entry,80,125,Low,2022-07-05,2026-04-01,False,
ME2023169,Tejaswini Naik,tejaswini.naik34@gmail.com,+918946263124,18,Female,57.12,2,69.75,ME,Management,28,50,Medium,2023-07-24,2026-04-02,False,
ME2021170,Girish Gowda,girish.gowda36@gmail.com,+919279100070,20,Male,56.12,7,61.24,ME,Management,91,175,Medium,2021-07-22,2026-04-17,False,
IS2022171,Vidya Deshpande,vidya.deshpande81@gmail.com,+918748426108,19,Female,81.77,5,63.55,ISE,Management,96,125,Low,2022-08-18,2026-03-31,False,
ME2023172,Dhruv Kulkarni,dhruv.kulkarni10@gmail.com,+918136185155,19,Male,62.17,2,71.88,ME,Management,29,50,Medium,2023-07-26,2026-03-22,False,
EC2022173,Rakesh Patil,rakesh.patil35@gmail.com,+917239289643,21,Male,39.86,4,53.33,ECE,Management,37,100,Medium,2022-07-05,2026-03-31,False,
CS2023174,Shruti Chauhan,shruti.chauhan11@gmail.com,+919558148347,18,Female,69.6,2,65.54,CSE,Management,30,50,Medium,2023-08-29,2026-04-09,False,
EC2021175,Sara Verma,sara.verma50@gmail.com,+917732160538,20,Female,68.88,6,80.78,ECE,Merit,95,150,High,2021-08-17,2026-03-22,False,
AD2023176,Sanjay Verma,sanjay.verma28@gmail.com,+919559020050,20,Male,57.81,3,72.47,AIDS,Lateral Entry,43,75,High,2023-07-28,2026-04-15,False,
EE2023177,Ananya Mehta,ananya.mehta43@gmail.com,+918499562882,18,Female,57.21,3,63.3,EEE,Management,44,75,Medium,2023-07-09,2026-03-21,False,
EE2022178,Eshwari Bose,eshwari.bose8@gmail.com,+918749811393,19,Female,65.84,4,67.04,EEE,Management,67,100,Medium,2022-08-17,2026-03-24,False,
EE2021179,Navya Mehta,navya.mehta99@gmail.com,+918830654370,22,Female,83.37,6,73.44,EEE,Merit,117,150,Medium,2021-07-05,2026-04-02,False,
CV2021180,Harini Patel,harini.patel49@gmail.com,+919642302931,20,Female,53.42,7,58.02,CE,Management,82,175,Low,2021-08-29,2026-03-30,False,
EE2024181,Archana Sharma,archana.sharma39@gmail.com,+918154351768,17,Female,71.17,1,83.57,EEE,Merit,18,25,Medium,2024-08-04,2026-04-10,False,
AI2021182,Girish Agarwal,girish.agarwal69@gmail.com,+918833289722,20,Male,46.04,7,51.52,AIML,Merit,82,175,Low,2021-08-04,2026-03-20,False,
EC2021183,Tarun Jain,tarun.jain29@gmail.com,+919280494616,20,Male,77.01,6,66.37,ECE,Merit,104,150,Low,2021-08-11,2026-04-16,False,
AD2021184,Bhavana Hegde,bhavana.hegde56@gmail.com,+918354196808,21,Female,71.41,7,88.9,AIDS,Merit,108,175,High,2021-08-02,2026-04-10,False,
CS2023185,Amit Patel,amit.patel44@gmail.com,+918314400954,18,Male,34.12,2,58.75,CSE,Management,17,50,Medium,2023-07-29,2026-04-03,False,
CV2023186,Manasa Bansal,manasa.bansal22@gmail.com,+919268194541,19,Female,37.3,2,66.02,CE,Lateral Entry,17,50,Medium,2023-07-09,2026-03-21,False,
CS2021187,Ishita Joshi,ishita.joshi69@gmail.com,+919935158358,20,Female,47.05,6,73.51,CSE,Merit,64,150,Medium,2021-07-22,2026-03-21,False,
IS2022188,Vivaan Bansal,vivaan.bansal73@gmail.com,+919699601330,20,Male,77.23,5,74.21,ISE,Merit,100,125,Medium,2022-08-03,2026-03-26,False,
CS2020189,Vishal Patel,vishal.patel83@gmail.com,+917118861720,23,Male,49.86,8,52.14,CSE,Merit,88,200,Low,2020-08-14,2026-04-03,False,
CS2022190,Karthik Joshi,karthik.joshi24@gmail.com,+918132916781,20,Male,63.79,4,75.81,CSE,Merit,64,100,High,2022-08-11,2026-03-20,False,
IS2020191,Vihaan Shetty,vihaan.shetty42@gmail.com,+918248443952,21,Male,55.77,8,54.71,ISE,Management,109,200,Low,2020-07-13,2026-04-08,False,
EE2024192,Navya Bose,navya.bose44@gmail.com,+918668046151,18,Female,36.12,1,75.56,EEE,Lateral Entry,8,25,Medium,2024-07-05,2026-03-24,False,
EC2022193,Girish Agarwal,girish.agarwal97@gmail.com,+918355656662,21,Male,63.28,5,74.04,ECE,Merit,74,125,High,2022-07-19,2026-04-14,False,
CS2022194,Ravi Mehta,ravi.mehta11@gmail.com,+918444370553,19,Male,70.22,4,83.32,CSE,Merit,64,100,Medium,2022-07-10,2026-04-06,False,
CV2024195,Rajesh Patel,rajesh.patel70@gmail.com,+919631281435,17,Male,70.89,1,81.22,CE,Merit,18,25,Medium,2024-08-10,2026-04-02,False,
CS2023196,Vihaan Dubey,vihaan.dubey84@gmail.com,+917741533902,18,Male,71.9,2,64.36,CSE,Merit,36,50,Low,2023-07-21,2026-03-22,False,
CS2023197,Ananya Kumar,ananya.kumar32@gmail.com,+917282683720,18,Female,82.84,3,84.87,CSE,Merit,63,75,Medium,2023-07-23,2026-04-10,False,
EC2022198,Advik Patel,advik.patel20@gmail.com,+919217769333,19,Male,50.8,4,65.84,ECE,Management,49,100,Medium,2022-07-01,2026-03-26,False,
ME2024199,Dhruv Joshi,dhruv.joshi86@gmail.com,+918653665425,18,Male,67.24,1,77.72,ME,Management,14,25,Medium,2024-07-08,2026-04-14,False,
ME2023200,Ayaan Tiwari,ayaan.tiwari60@gmail.com,+917552084766,19,Male,30.62,2,57.08,ME,Management,13,50,Low,2023-08-12,2026-03-28,False,
EC2024201,Sanjay Shetty,sanjay.shetty22@gmail.com,+918731625852,17,Male,63.04,1,76.81,ECE,Merit,14,25,Low,2024-07-06,2026-03-27,False,
CS2021202,Ganesh Rastogi,ganesh.rastogi92@gmail.com,+919559034682,20,Male,66.78,6,70.0,CSE,Lateral Entry,95,150,Medium,2021-08-28,2026-03-29,False,
EC2023203,Myra Nair,myra.nair14@gmail.com,+918935903026,18,Female,84.12,3,80.07,ECE,Merit,60,75,Medium,2023-07-24,2026-03-22,False,
ME2024204,Harini Patel,harini.patel74@gmail.com,+918751884978,17,Female,68.71,1,83.1,ME,Management,16,25,Medium,2024-07-21,2026-04-12,False,
ME2021205,Abhishek Agarwal,abhishek.agarwal92@gmail.com,+918668535038,21,Male,45.86,7,56.39,ME,Lateral Entry,68,175,High,2021-07-28,2026-04-12,False,
IS2022206,Advik Reddy,advik.reddy89@gmail.com,+919933404427,19,Male,60.34,5,73.0,ISE,Lateral Entry,77,125,High,2022-08-05,2026-03-24,False,
ME2023207,Ravi Gowda,ravi.gowda90@gmail.com,+917582187762,18,Male,30.1,2,58.95,ME,Management,14,50,High,2023-08-14,2026-04-12,False,
CS2020208,Mohan Deshmukh,mohan.deshmukh77@gmail.com,+919702147152,22,Male,45.77,8,59.62,CSE,Management,78,200,High,2020-07-31,2026-04-05,False,
EE2021209,Myra Tiwari,myra.tiwari45@gmail.com,+917624193602,22,Female,65.74,6,57.2,EEE,Management,89,150,Low,2021-08-26,2026-03-20,False,
CV2020210,Eshwari Shah,eshwari.shah48@gmail.com,+919437023088,21,Female,59.7,8,68.54,CE,Merit,119,200,Low,2020-08-09,2026-04-06,False,
EE2021211,Ananya Bhat,ananya.bhat44@gmail.com,+919511979427,20,Female,43.16,6,56.35,EEE,Management,60,150,Low,2021-07-11,2026-04-13,False,
ME2024212,Aarav Mehta,aarav.mehta14@gmail.com,+918949356767,18,Male,70.94,1,82.54,ME,Merit,16,25,High,2024-08-29,2026-04-13,False,
IS2022213,Karthik Yadav,karthik.yadav59@gmail.com,+919749854402,20,Male,63.71,5,67.85,ISE,Management,81,125,High,2022-07-30,2026-04-10,False,
EC2022214,Rashmi Verma,rashmi.verma23@gmail.com,+918141280792,20,Female,67.36,4,87.55,ECE,Merit,68,100,High,2022-07-20,2026-03-30,False,
CS2023215,Sahana Deshpande,sahana.deshpande35@gmail.com,+919328466740,19,Female,53.21,2,67.44,CSE,Management,24,50,Medium,2023-08-03,2026-04-05,False,
EC2022216,Mahesh Jain,mahesh.jain60@gmail.com,+918754753328,19,Male,60.07,5,67.79,ECE,Merit,76,125,Low,2022-07-05,2026-04-13,False,
CS2024217,Nandini Shukla,nandini.shukla42@gmail.com,+918573451072,18,Female,83.83,1,81.26,CSE,Merit,21,25,Medium,2024-08-18,2026-03-31,False,
CS2020218,Sunil Gowda,sunil.gowda36@gmail.com,+917903241657,21,Male,73.54,8,78.55,CSE,Merit,129,200,Medium,2020-08-12,2026-03-29,False,
CS2020219,Tanvi Gowda,tanvi.gowda73@gmail.com,+918856379075,22,Female,78.89,8,57.78,CSE,Management,165,200,Low,2020-08-23,2026-04-14,False,
ME2022220,Jyothi Agarwal,jyothi.agarwal4@gmail.com,+918576644847,19,Female,79.14,4,74.24,ME,Merit,73,100,Medium,2022-07-09,2026-04-03,False,
CS2023221,Bhavana Chauhan,bhavana.chauhan63@gmail.com,+917863701868,20,Female,50.52,3,56.07,CSE,Management,37,75,Low,2023-08-13,2026-04-13,False,
CS2022222,Pranav Dubey,pranav.dubey44@gmail.com,+918702218851,21,Male,35.07,5,63.86,CSE,Merit,44,125,Low,2022-08-06,2026-04-06,False,
CS2021223,Sneha Rastogi,sneha.rastogi36@gmail.com,+919802839945,20,Female,98.0,7,84.62,CSE,Merit,146,175,Medium,2021-08-05,2026-03-25,False,
EC2023224,Akash Sharma,akash.sharma25@gmail.com,+919203042203,18,Male,60.65,3,70.06,ECE,Merit,41,75,Low,2023-07-25,2026-03-29,False,
CV2022225,Pari Gowda,pari.gowda53@gmail.com,+919403437835,20,Female,79.83,4,73.63,CE,Merit,78,100,Low,2022-07-08,2026-04-08,False,
EC2021226,Bhavana Saxena,bhavana.saxena89@gmail.com,+917327271299,21,Female,57.76,6,60.45,ECE,Lateral Entry,86,150,Medium,2021-07-26,2026-04-07,False,
ME2020227,Rajesh Kamath,rajesh.kamath3@gmail.com,+918748356819,22,Male,55.45,8,68.47,ME,Management,110,200,High,2020-08-26,2026-04-09,False,
EC2021228,Pari Patil,pari.patil52@gmail.com,+917362524596,21,Female,50.96,6,72.89,ECE,Management,70,150,High,2021-07-24,2026-04-13,False,
EE2022229,Pallavi Gowda,pallavi.gowda85@gmail.com,+918916458521,19,Female,56.93,4,68.76,EEE,Merit,59,100,Low,2022-07-15,2026-04-17,False,
CS2020230,Pavan Yadav,pavan.yadav71@gmail.com,+918206102053,23,Male,24.96,8,67.41,CSE,Lateral Entry,42,200,Medium,2020-07-29,2026-04-13,False,
IS2021231,Sachin Dubey,sachin.dubey96@gmail.com,+918285297228,21,Male,49.32,7,64.71,ISE,Management,80,175,Medium,2021-08-24,2026-03-27,False,
CS2024232,Akash Pandey,akash.pandey90@gmail.com,+918282944626,19,Male,55.32,1,72.16,CSE,Management,14,25,Medium,2024-08-11,2026-04-06,False,
CV2022233,Deepak Kulkarni,deepak.kulkarni33@gmail.com,+918815543590,21,Male,64.17,5,74.9,CE,Management,81,125,High,2022-07-28,2026-04-14,False,
CS2023234,Aashi Mishra,aashi.mishra25@gmail.com,+919349448617,18,Female,54.21,2,85.94,CSE,Merit,24,50,High,2023-08-13,2026-04-16,False,
CS2024235,Kavya Mishra,kavya.mishra69@gmail.com,+919828130202,17,Female,49.21,1,78.99,CSE,Lateral Entry,11,25,Medium,2024-08-04,2026-04-16,False,
CV2022236,Uma Pillai,uma.pillai28@gmail.com,+917104300915,21,Female,48.97,4,80.0,CE,Merit,43,100,Medium,2022-07-23,2026-03-30,False,
CS2023237,Tarun Naik,tarun.naik93@gmail.com,+918986138048,18,Male,75.63,2,76.04,CSE,Merit,37,50,High,2023-07-21,2026-03-31,False,
CS2021238,Pavan Deshpande,pavan.deshpande37@gmail.com,+919873535942,20,Male,84.54,6,71.01,CSE,Lateral Entry,128,150,High,2021-08-19,2026-04-04,False,
EC2022239,Reyansh Iyer,reyansh.iyer30@gmail.com,+918502878575,19,Male,21.75,4,56.26,ECE,Lateral Entry,22,100,Low,2022-08-05,2026-03-21,False,
IS2021240,Meera Pillai,meera.pillai2@gmail.com,+918167256609,20,Female,53.99,6,71.43,ISE,Lateral Entry,77,150,Medium,2021-08-26,2026-03-25,False,
AD2023241,Rakesh Jain,rakesh.jain36@gmail.com,+917974362470,18,Male,48.87,3,70.5,AIDS,Merit,36,75,Medium,2023-08-10,2026-04-04,False,
AI2023242,Aadhya Singh,aadhya.singh38@gmail.com,+919392172644,18,Female,52.2,3,67.71,AIML,Management,41,75,High,2023-07-16,2026-04-12,False,
CS2023243,Pallavi Joshi,pallavi.joshi97@gmail.com,+919661307919,19,Female,38.52,3,76.44,CSE,Merit,28,75,Medium,2023-07-17,2026-03-25,False,
CS2023244,Amit Gupta,amit.gupta74@gmail.com,+917358091876,18,Male,52.53,2,75.97,CSE,Merit,23,50,Medium,2023-07-06,2026-03-23,False,
IS2022245,Pooja Naik,pooja.naik57@gmail.com,+918203386704,20,Female,38.41,5,59.65,ISE,Merit,50,125,Low,2022-08-18,2026-04-02,False,
EC2022246,Shruti Pillai,shruti.pillai33@gmail.com,+917800231438,19,Female,44.97,4,66.39,ECE,Management,45,100,Medium,2022-08-02,2026-03-24,False,
ME2023247,Archana Mishra,archana.mishra52@gmail.com,+917104672412,19,Female,43.01,3,74.2,ME,Management,29,75,Medium,2023-08-09,2026-04-13,False,
AD2021248,Amit Reddy,amit.reddy81@gmail.com,+919665711738,20,Male,49.59,6,63.38,AIDS,Lateral Entry,76,150,High,2021-07-08,2026-04-14,False,
IS2022249,Abhishek Singh,abhishek.singh20@gmail.com,+917770388818,19,Male,46.34,5,52.75,ISE,Management,52,125,Low,2022-07-27,2026-04-14,False,
EE2020250,Prasad Tiwari,prasad.tiwari11@gmail.com,+918763690061,22,Male,51.57,8,45.2,EEE,Management,101,200,Low,2020-07-02,2026-03-23,False,
CV2023251,Dhruv Mishra,dhruv.mishra98@gmail.com,+919836497333,18,Male,71.24,3,59.21,CE,Management,46,75,Low,2023-07-18,2026-03-26,False,
ME2021252,Anjali Rastogi,anjali.rastogi80@gmail.com,+919870365456,20,Female,86.66,7,75.93,ME,Merit,150,175,Medium,2021-07-27,2026-04-02,False,
CS2024253,Advaith Deshpande,advaith.deshpande58@gmail.com,+918179601871,17,Male,66.55,1,72.96,CSE,Management,14,25,Medium,2024-08-07,2026-04-04,False,
CV2023254,Hemanth Das,hemanth.das76@gmail.com,+918631067475,19,Male,60.64,3,84.37,CE,Merit,43,75,Medium,2023-08-01,2026-04-18,False,
CS2023255,Karthik Deshmukh,karthik.deshmukh80@gmail.com,+919108669441,19,Male,86.36,2,73.07,CSE,Lateral Entry,38,50,High,2023-07-21,2026-04-03,False,
EC2022256,Vihaan Malhotra,vihaan.malhotra13@gmail.com,+919316848364,19,Male,52.33,4,70.46,ECE,Merit,54,100,Low,2022-07-09,2026-04-15,False,
AD2023257,Uma Menon,uma.menon28@gmail.com,+919537627536,20,Female,76.2,2,83.92,AIDS,Merit,38,50,Medium,2023-07-26,2026-03-23,False,
CV2023258,Divya Rao,divya.rao31@gmail.com,+917962719921,18,Female,54.32,2,52.76,CE,Management,24,50,Low,2023-07-16,2026-04-08,False,
AI2020259,Atharv Saxena,atharv.saxena21@gmail.com,+917672451454,21,Male,50.31,8,71.18,AIML,Management,95,200,High,2020-07-08,2026-04-05,False,
CS2023260,Aarav Mehta,aarav.mehta89@gmail.com,+918313540458,18,Male,67.49,3,59.94,CSE,Management,49,75,Low,2023-08-19,2026-04-15,False,
EC2020261,Indu Naik,indu.naik5@gmail.com,+918100344126,22,Female,61.3,8,64.6,ECE,Merit,105,200,Medium,2020-07-04,2026-03-26,False,
EC2023262,Advaith Patil,advaith.patil37@gmail.com,+919766466033,18,Male,74.51,2,77.98,ECE,Merit,38,50,High,2023-07-19,2026-03-30,False,
AI2023263,Sanjay Bose,sanjay.bose88@gmail.com,+917930245146,19,Male,53.74,2,68.84,AIML,Management,27,50,Medium,2023-08-01,2026-04-05,False,
EC2021264,Aashi Shetty,aashi.shetty76@gmail.com,+919124198505,22,Female,71.24,6,65.43,ECE,Merit,102,150,Low,2021-07-22,2026-04-12,False,
EC2021265,Vishal Iyer,vishal.iyer15@gmail.com,+918806591133,20,Male,41.14,6,65.84,ECE,Merit,61,150,Medium,2021-07-17,2026-04-06,False,
EE2021266,Eshwari Hegde,eshwari.hegde20@gmail.com,+919164138257,21,Female,66.13,7,78.04,EEE,Merit,106,175,Medium,2021-07-09,2026-04-17,False,
EC2023267,Hemanth Kulkarni,hemanth.kulkarni10@gmail.com,+917467966325,20,Male,61.03,2,82.27,ECE,Merit,30,50,High,2023-07-03,2026-03-31,False,
CS2022268,Aaradhya Nair,aaradhya.nair77@gmail.com,+918433084001,19,Female,73.99,5,91.76,CSE,Merit,95,125,High,2022-07-26,2026-03-26,False,
AI2024269,Tarun Tiwari,tarun.tiwari57@gmail.com,+918977532166,17,Male,49.45,1,67.59,AIML,Management,11,25,High,2024-08-29,2026-03-24,False,
ME2021270,Myra Bose,myra.bose39@gmail.com,+919469872704,20,Female,52.97,6,77.01,ME,Merit,80,150,High,2021-07-19,2026-03-21,False,
CS2023271,Pallavi Bansal,pallavi.bansal65@gmail.com,+918786074797,18,Female,65.44,3,82.38,CSE,Merit,49,75,High,2023-08-21,2026-03-22,False,
ME2024272,Eshwari Kamath,eshwari.kamath11@gmail.com,+918888007246,17,Female,65.57,1,81.39,ME,Merit,15,25,High,2024-08-28,2026-04-11,False,
EE2023273,Indu Kumar,indu.kumar95@gmail.com,+918773148025,19,Female,80.32,3,79.36,EEE,Merit,57,75,High,2023-08-03,2026-03-22,False,
CV2022274,Kavya Rastogi,kavya.rastogi4@gmail.com,+918856219080,19,Female,85.06,4,67.11,CE,Management,85,100,Medium,2022-07-19,2026-04-14,False,
CS2021275,Pari Hegde,pari.hegde74@gmail.com,+919703054299,21,Female,64.0,6,75.81,CSE,Merit,94,150,Low,2021-08-06,2026-04-09,False,
ME2021276,Pavan Patel,pavan.patel35@gmail.com,+919189948213,21,Male,86.91,6,79.46,ME,Merit,133,150,Medium,2021-07-11,2026-04-07,False,
CS2024277,Harsha Kumar,harsha.kumar61@gmail.com,+917932618866,17,Male,81.11,1,62.34,CSE,Management,19,25,Medium,2024-07-03,2026-04-13,False,
IS2023278,Deepika Das,deepika.das24@gmail.com,+918935976569,19,Female,68.18,2,75.06,ISE,Merit,34,50,Medium,2023-08-24,2026-03-27,False,
EE2024279,Pavan Shah,pavan.shah63@gmail.com,+919746856864,18,Male,64.7,1,63.88,EEE,Merit,13,25,Low,2024-07-06,2026-04-03,False,
ME2023280,Sai Naik,sai.naik53@gmail.com,+918816279884,19,Male,62.1,2,76.79,ME,Management,32,50,High,2023-07-12,2026-03-30,False,
IS2021281,Virat Chauhan,virat.chauhan14@gmail.com,+919405639774,21,Male,75.45,6,81.81,ISE,Merit,96,150,Medium,2021-08-04,2026-03-29,False,
EE2024282,Sunil Nair,sunil.nair53@gmail.com,+918353214051,17,Male,57.98,1,74.06,EEE,Merit,13,25,High,2024-07-29,2026-03-21,False,
CS2023283,Pallavi Kamath,pallavi.kamath85@gmail.com,+918438615960,18,Female,48.66,3,70.31,CSE,Merit,35,75,Medium,2023-07-05,2026-03-23,False,
IS2020284,Swati Saxena,swati.saxena59@gmail.com,+917915750821,22,Female,41.75,8,59.56,ISE,Management,85,200,Low,2020-07-21,2026-04-08,False,
EE2024285,Pari Chauhan,pari.chauhan42@gmail.com,+918738399464,17,Female,69.77,1,90.89,EEE,Merit,15,25,Medium,2024-07-22,2026-03-28,False,
CS2023286,Ayaan Bansal,ayaan.bansal1@gmail.com,+919182226579,20,Male,39.08,3,46.61,CSE,Management,28,75,Low,2023-07-28,2026-04-16,False,
CV2023287,Vishal Jain,vishal.jain53@gmail.com,+918459883696,19,Male,65.47,3,82.07,CE,Merit,47,75,High,2023-07-29,2026-04-11,False,
AI2024288,Vihaan Iyer,vihaan.iyer47@gmail.com,+919670864783,18,Male,62.05,1,66.29,AIML,Management,14,25,Medium,2024-08-20,2026-04-16,False,
ME2021289,Mahesh Kamath,mahesh.kamath57@gmail.com,+919518277982,20,Male,36.82,7,46.27,ME,Management,63,175,Low,2021-07-29,2026-03-20,False,
EC2023290,Girish Singh,girish.singh35@gmail.com,+917822061881,18,Male,88.28,3,68.56,ECE,Merit,69,75,Medium,2023-08-09,2026-04-11,False,
EC2024291,Akash Joshi,akash.joshi57@gmail.com,+918312099975,17,Male,45.26,1,62.31,ECE,Merit,11,25,Low,2024-08-06,2026-04-15,False,
EC2021292,Bharath Kamath,bharath.kamath4@gmail.com,+917592456318,20,Male,27.48,7,52.37,ECE,Lateral Entry,46,175,Low,2021-07-05,2026-03-20,False,
EC2021293,Naveen Rastogi,naveen.rastogi91@gmail.com,+917113490091,22,Male,66.76,6,74.83,ECE,Merit,93,150,Medium,2021-08-22,2026-04-09,False,
EC2023294,Shaurya Deshmukh,shaurya.deshmukh2@gmail.com,+919302883601,19,Male,56.09,3,62.22,ECE,Management,42,75,Medium,2023-07-26,2026-03-30,False,
ME2022295,Akash Mehta,akash.mehta29@gmail.com,+917903327013,19,Male,60.35,4,68.26,ME,Management,59,100,Medium,2022-08-01,2026-03-25,False,
IS2023296,Ravi Mishra,ravi.mishra16@gmail.com,+918143586949,18,Male,56.34,2,73.46,ISE,Management,29,50,Medium,2023-07-13,2026-03-25,False,
IS2024297,Lakshmi Verma,lakshmi.verma92@gmail.com,+918809967924,19,Female,82.17,1,75.34,ISE,Merit,19,25,Low,2024-08-24,2026-04-11,False,
EC2024298,Aarush Bhat,aarush.bhat35@gmail.com,+919911297673,19,Male,80.24,1,82.18,ECE,Merit,18,25,Low,2024-08-10,2026-03-25,False,
CS2022299,Suresh Naik,suresh.naik32@gmail.com,+918156896917,20,Male,73.92,4,75.23,CSE,Management,73,100,Medium,2022-08-02,2026-04-15,False,
CS2023300,Deepak Saxena,deepak.saxena50@gmail.com,+917952563674,18,Male,62.41,2,75.35,CSE,Merit,30,50,Low,2023-07-30,2026-04-02,False,
EE2021301,Prisha Rastogi,prisha.rastogi96@gmail.com,+919833186828,21,Female,72.2,6,58.18,EEE,Management,105,150,Medium,2021-07-10,2026-03-30,False,
EC2024302,Sara Reddy,sara.reddy99@gmail.com,+918542304312,18,Female,65.79,1,88.66,ECE,Merit,14,25,High,2024-07-12,2026-04-04,False,
CS2024303,Anjali Pandey,anjali.pandey35@gmail.com,+919840312730,17,Female,97.45,1,90.94,CSE,Merit,21,25,Medium,2024-07-21,2026-03-29,False,
CS2020304,Saanvi Patil,saanvi.patil39@gmail.com,+919182272164,23,Female,41.87,8,66.01,CSE,Management,76,200,Medium,2020-08-20,2026-03-29,False,
CV2024305,Ravi Shukla,ravi.shukla85@gmail.com,+919758777093,18,Male,64.09,1,78.91,CE,Management,15,25,Medium,2024-08-18,2026-03-24,False,
CV2020306,Amit Verma,amit.verma69@gmail.com,+918284775632,22,Male,61.53,8,67.64,CE,Management,108,200,Medium,2020-07-28,2026-03-23,False,
AI2023307,Rajesh Dubey,rajesh.dubey71@gmail.com,+918897717447,18,Male,67.39,3,65.37,AIML,Lateral Entry,44,75,Medium,2023-07-25,2026-04-06,False,
CS2023308,Uma Jain,uma.jain59@gmail.com,+918764716360,20,Female,44.83,2,64.37,CSE,Management,19,50,Medium,2023-08-18,2026-04-03,False,
CS2023309,Jagdish Chauhan,jagdish.chauhan90@gmail.com,+917754579873,19,Male,47.26,2,72.06,CSE,Lateral Entry,23,50,Medium,2023-07-25,2026-03-28,False,
EC2020310,Ira Tiwari,ira.tiwari30@gmail.com,+918447674032,22,Female,62.18,8,53.66,ECE,Management,129,200,Low,2020-08-15,2026-04-04,False,
ME2022311,Vidya Mehta,vidya.mehta41@gmail.com,+917754609008,19,Female,67.52,4,72.13,ME,Merit,68,100,Low,2022-07-23,2026-04-11,False,
EC2023312,Tejaswini Naik,tejaswini.naik49@gmail.com,+919146433264,18,Female,43.22,3,67.24,ECE,Merit,31,75,Low,2023-08-28,2026-04-10,False,
CV2021313,Rahul Verma,rahul.verma5@gmail.com,+918587331594,21,Male,62.63,6,61.35,CE,Management,90,150,Low,2021-08-27,2026-03-22,False,
ME2024314,Sara Bhat,sara.bhat43@gmail.com,+919518840046,17,Female,57.04,1,81.99,ME,Merit,12,25,Low,2024-08-26,2026-04-18,False,
EE2023315,Anand Gupta,anand.gupta13@gmail.com,+918428306709,19,Male,44.29,3,75.63,EEE,Merit,33,75,Medium,2023-07-06,2026-04-06,False,
ME2023316,Sachin Bose,sachin.bose93@gmail.com,+917151039740,19,Male,70.3,2,75.75,ME,Merit,34,50,Medium,2023-07-26,2026-04-14,False,
AD2024317,Ishaan Mehta,ishaan.mehta20@gmail.com,+919367098896,17,Male,39.45,1,70.88,AIDS,Lateral Entry,9,25,High,2024-08-04,2026-04-02,False,
IS2022318,Arjun Naik,arjun.naik44@gmail.com,+918377759847,19,Male,52.42,4,73.42,ISE,Merit,48,100,Medium,2022-08-27,2026-04-13,False,
CS2023319,Mahesh Bansal,mahesh.bansal11@gmail.com,+919773505466,20,Male,45.1,2,77.3,CSE,Merit,23,50,High,2023-08-23,2026-04-16,False,
EC2020320,Sunil Pandey,sunil.pandey69@gmail.com,+919471508161,21,Male,83.44,8,78.66,ECE,Lateral Entry,155,200,High,2020-07-18,2026-04-13,False,
ME2021321,Rahul Chauhan,rahul.chauhan92@gmail.com,+919716734077,21,Male,63.55,6,75.67,ME,Merit,90,150,High,2021-08-09,2026-04-04,False,
ME2023322,Bharath Kamath,bharath.kamath5@gmail.com,+919423029615,18,Male,64.37,2,73.75,ME,Lateral Entry,32,50,Medium,2023-08-25,2026-03-28,False,
EC2020323,Jyothi Reddy,jyothi.reddy81@gmail.com,+917612576246,22,Female,30.95,8,65.81,ECE,Merit,56,200,High,2020-07-10,2026-03-27,False,
ME2023324,Niveditha Patil,niveditha.patil96@gmail.com,+917818090269,19,Female,82.19,2,64.98,ME,Management,40,50,Low,2023-08-24,2026-03-20,False,
CV2024325,Pari Shah,pari.shah98@gmail.com,+917800161761,17,Female,55.52,1,69.79,CE,Merit,14,25,Low,2024-08-11,2026-03-25,False,
CS2023326,Keerthi Gupta,keerthi.gupta22@gmail.com,+918563663586,18,Female,49.2,2,83.61,CSE,Merit,22,50,Medium,2023-08-29,2026-04-07,False,
CS2020327,Sanjay Deshmukh,sanjay.deshmukh6@gmail.com,+917251904154,21,Male,45.48,8,47.29,CSE,Management,80,200,Low,2020-08-12,2026-04-06,False,
IS2023328,Kavya Singh,kavya.singh46@gmail.com,+918874805316,19,Female,46.7,2,74.29,ISE,Merit,21,50,Low,2023-07-07,2026-04-09,False,
EE2022329,Rohan Shah,rohan.shah32@gmail.com,+917720933347,20,Male,68.94,4,69.91,EEE,Management,69,100,Medium,2022-07-25,2026-03-30,False,
CS2023330,Sachin Mehta,sachin.mehta88@gmail.com,+919835706257,20,Male,84.95,3,69.85,CSE,Merit,57,75,Low,2023-07-22,2026-04-15,False,
CS2023331,Vinay Pillai,vinay.pillai23@gmail.com,+917792795282,18,Male,63.2,2,77.34,CSE,Management,32,50,High,2023-07-20,2026-04-14,False,
CV2022332,Pari Malhotra,pari.malhotra80@gmail.com,+918188665052,21,Female,54.72,4,71.36,CE,Lateral Entry,55,100,Low,2022-08-01,2026-03-29,False,
CV2023333,Abhishek Gowda,abhishek.gowda75@gmail.com,+918810238167,18,Male,71.82,3,70.86,CE,Management,48,75,High,2023-07-21,2026-03-27,False,
EC2024334,Diya Hegde,diya.hegde82@gmail.com,+918700923360,17,Female,80.96,1,72.52,ECE,Merit,18,25,Low,2024-08-13,2026-04-15,False,
CV2023335,Kabir Bose,kabir.bose86@gmail.com,+918516127468,18,Male,83.01,2,81.07,CE,Merit,40,50,Low,2023-07-30,2026-03-28,False,
ME2024336,Aarav Bose,aarav.bose87@gmail.com,+918929194537,18,Male,59.97,1,82.83,ME,Merit,14,25,Medium,2024-07-20,2026-03-25,False,
CS2024337,Eshwari Nair,eshwari.nair57@gmail.com,+917504336216,17,Female,51.45,1,71.2,CSE,Lateral Entry,13,25,Medium,2024-08-08,2026-03-30,False,
EE2023338,Neha Shukla,neha.shukla82@gmail.com,+918297276570,19,Female,69.97,3,84.25,EEE,Management,49,75,High,2023-07-14,2026-04-05,False,
AI2024339,Nandini Shetty,nandini.shetty39@gmail.com,+918772551243,17,Female,82.75,1,78.12,AIML,Merit,20,25,High,2024-07-25,2026-03-26,False,
AI2021340,Advik Agarwal,advik.agarwal14@gmail.com,+918296812994,21,Male,70.33,7,68.86,AIML,Merit,120,175,Medium,2021-07-31,2026-04-12,False,
CV2022341,Dhruv Agarwal,dhruv.agarwal46@gmail.com,+919343002509,19,Male,59.78,5,70.2,CE,Merit,65,125,Low,2022-08-28,2026-04-11,False,
EE2021342,Harsha Patil,harsha.patil38@gmail.com,+919557827088,21,Male,68.99,7,58.48,EEE,Management,111,175,Low,2021-07-05,2026-04-06,False,
EC2023343,Vivaan Bansal,vivaan.bansal2@gmail.com,+918515086422,18,Male,59.95,2,80.07,ECE,Merit,25,50,High,2023-07-03,2026-04-05,False,
EC2023344,Gayathri Singh,gayathri.singh96@gmail.com,+919840913052,18,Female,72.56,2,70.19,ECE,Lateral Entry,31,50,Medium,2023-07-12,2026-04-07,False,
EC2023345,Amit Patil,amit.patil78@gmail.com,+917497286362,19,Male,51.53,2,49.97,ECE,Management,26,50,Low,2023-07-08,2026-03-31,False,
ME2020346,Prasad Dubey,prasad.dubey82@gmail.com,+917467493418,21,Male,54.99,8,71.02,ME,Merit,94,200,Medium,2020-07-11,2026-03-23,False,
EC2022347,Advik Malhotra,advik.malhotra87@gmail.com,+918348124133,21,Male,63.14,4,65.9,ECE,Management,62,100,Low,2022-08-08,2026-04-08,False,
EE2023348,Girish Joshi,girish.joshi13@gmail.com,+919474962827,18,Male,84.34,2,85.53,EEE,Merit,44,50,High,2023-08-21,2026-03-25,False,
CV2023349,Keerthi Kumar,keerthi.kumar57@gmail.com,+918345839481,18,Female,61.15,3,87.38,CE,Merit,44,75,High,2023-07-25,2026-03-24,False,
CS2023350,Aditya Shukla,aditya.shukla94@gmail.com,+918362442530,19,Male,55.86,2,76.68,CSE,Management,29,50,High,2023-08-23,2026-03-29,False,
AI2024351,Sara Rao,sara.rao42@gmail.com,+918738942485,17,Female,83.83,1,73.86,AIML,Merit,20,25,Low,2024-08-02,2026-03-30,False,
CS2023352,Tarun Mehta,tarun.mehta26@gmail.com,+917615261059,18,Male,48.54,3,65.24,CSE,Merit,31,75,Low,2023-07-24,2026-03-21,False,
CV2022353,Sara Jain,sara.jain68@gmail.com,+918498448159,19,Female,58.11,4,70.34,CE,Lateral Entry,54,100,Medium,2022-07-17,2026-04-14,False,
IS2023354,Nikhil Kulkarni,nikhil.kulkarni33@gmail.com,+917444399517,18,Male,66.4,2,81.81,ISE,Merit,30,50,Medium,2023-07-01,2026-03-21,False,
CS2020355,Hemanth Naik,hemanth.naik96@gmail.com,+918543817003,21,Male,77.78,8,72.22,CSE,Merit,151,200,Medium,2020-08-23,2026-04-10,False,
ME2021356,Anand Pandey,anand.pandey60@gmail.com,+917536120692,20,Male,78.08,6,73.76,ME,Merit,120,150,Medium,2021-08-27,2026-04-14,False,
ME2024357,Arjun Verma,arjun.verma87@gmail.com,+917956466298,17,Male,60.31,1,73.72,ME,Management,14,25,Medium,2024-08-28,2026-03-27,False,
EC2022358,Sahana Bansal,sahana.bansal47@gmail.com,+919161550770,20,Female,74.21,4,73.27,ECE,Management,74,100,Medium,2022-07-10,2026-03-23,False,
CS2023359,Sai Bansal,sai.bansal34@gmail.com,+917714012290,19,Male,37.02,3,72.65,CSE,Merit,28,75,Low,2023-07-03,2026-03-31,False,
ME2021360,Varun Mishra,varun.mishra48@gmail.com,+918131499954,21,Male,63.4,7,65.55,ME,Merit,98,175,Low,2021-08-22,2026-04-06,False,
IS2024361,Abhishek Shetty,abhishek.shetty49@gmail.com,+919756115477,19,Male,57.94,1,61.02,ISE,Management,13,25,Medium,2024-07-12,2026-04-01,False,
ME2021362,Keerthi Yadav,keerthi.yadav87@gmail.com,+917813286051,22,Female,92.64,6,77.87,ME,Merit,122,150,High,2021-08-25,2026-03-31,False,
ME2022363,Advaith Naik,advaith.naik80@gmail.com,+917195427651,20,Male,51.63,4,69.2,ME,Merit,53,100,Low,2022-07-13,2026-04-06,False,
IS2024364,Bharath Saxena,bharath.saxena79@gmail.com,+918862553409,17,Male,54.23,1,54.57,ISE,Management,13,25,Low,2024-08-22,2026-04-12,False,
CS2020365,Aashi Reddy,aashi.reddy60@gmail.com,+919741378536,22,Female,63.5,8,62.86,CSE,Management,116,200,Medium,2020-07-28,2026-03-22,False,
IS2023366,Pallavi Deshmukh,pallavi.deshmukh53@gmail.com,+919600033788,19,Female,72.0,3,78.45,ISE,Merit,51,75,High,2023-07-23,2026-03-20,False,
CV2024367,Ayaan Joshi,ayaan.joshi5@gmail.com,+917727069371,18,Male,66.92,1,59.19,CE,Lateral Entry,15,25,Low,2024-07-13,2026-03-20,False,
CV2022368,Kian Kamath,kian.kamath13@gmail.com,+917953899878,19,Male,53.3,4,57.65,CE,Management,45,100,Medium,2022-07-27,2026-04-13,False,
EE2022369,Ira Jain,ira.jain50@gmail.com,+917572909935,20,Female,58.12,4,69.88,EEE,Merit,56,100,Medium,2022-07-25,2026-04-17,False,
EC2023370,Deepak Yadav,deepak.yadav96@gmail.com,+919492168325,18,Male,76.97,3,74.37,ECE,Merit,49,75,Medium,2023-08-18,2026-04-01,False,
AI2024371,Sanjay Jain,sanjay.jain76@gmail.com,+918943077603,17,Male,55.5,1,82.42,AIML,Merit,13,25,Medium,2024-07-25,2026-03-31,False,
EC2021372,Tejaswini Verma,tejaswini.verma84@gmail.com,+918807039712,20,Female,64.77,7,58.54,ECE,Merit,109,175,Low,2021-08-17,2026-04-10,False,
ME2022373,Reyansh Kamath,reyansh.kamath53@gmail.com,+919439206417,19,Male,39.93,5,79.39,ME,Merit,51,125,Medium,2022-07-04,2026-03-24,False,
AI2023374,Ritvik Kumar,ritvik.kumar48@gmail.com,+919995580406,18,Male,78.76,2,75.81,AIML,Management,41,50,High,2023-07-31,2026-03-21,False,
CS2022375,Pranav Das,pranav.das31@gmail.com,+918691115229,21,Male,70.5,5,74.33,CSE,Merit,86,125,Low,2022-08-25,2026-03-22,False,
EC2022376,Sunil Yadav,sunil.yadav88@gmail.com,+917616990566,21,Male,37.52,4,58.66,ECE,Lateral Entry,38,100,Medium,2022-07-31,2026-03-25,False,
CS2023377,Meera Jain,meera.jain46@gmail.com,+919865294201,18,Female,32.57,3,56.01,CSE,Management,21,75,Low,2023-07-19,2026-04-14,False,
CS2024378,Vihaan Bansal,vihaan.bansal25@gmail.com,+918243397007,19,Male,62.06,1,74.64,CSE,Management,15,25,High,2024-08-07,2026-03-31,False,
CS2024379,Myra Bose,myra.bose85@gmail.com,+917174798069,17,Female,59.19,1,85.4,CSE,Merit,14,25,Low,2024-07-07,2026-04-06,False,
AI2021380,Navya Rastogi,navya.rastogi7@gmail.com,+917518792337,20,Female,58.84,6,66.81,AIML,Lateral Entry,79,150,Medium,2021-07-03,2026-03-22,False,
AD2024381,Vinay Pandey,vinay.pandey17@gmail.com,+917438540564,17,Male,40.79,1,62.58,AIDS,Management,10,25,Low,2024-08-14,2026-04-10,False,
EC2021382,Gayathri Menon,gayathri.menon98@gmail.com,+917628466298,22,Female,47.56,6,74.17,ECE,Management,72,150,Medium,2021-08-10,2026-03-27,False,
CS2022383,Fathima Menon,fathima.menon28@gmail.com,+919434268580,19,Female,54.82,5,55.24,CSE,Management,67,125,Medium,2022-08-29,2026-04-02,False,
EC2024384,Aashi Pandey,aashi.pandey77@gmail.com,+917426880753,17,Female,60.39,1,86.67,ECE,Merit,14,25,High,2024-07-13,2026-04-04,False,
CS2021385,Aarav Kulkarni,aarav.kulkarni17@gmail.com,+917146021853,21,Male,39.27,6,49.31,CSE,Lateral Entry,54,150,Low,2021-08-23,2026-04-01,False,
EC2024386,Varun Shetty,varun.shetty15@gmail.com,+917371140877,18,Male,60.92,1,63.43,ECE,Lateral Entry,14,25,Low,2024-08-22,2026-03-29,False,
CV2021387,Manasa Patel,manasa.patel2@gmail.com,+917825719664,20,Female,52.93,7,68.65,CE,Merit,92,175,Low,2021-07-25,2026-04-12,False,
CS2020388,Rudra Gowda,rudra.gowda42@gmail.com,+919977213159,21,Male,64.25,8,79.03,CSE,Merit,113,200,High,2020-08-15,2026-03-23,False,
EE2022389,Aanya Pillai,aanya.pillai7@gmail.com,+918347831683,19,Female,78.39,5,75.77,EEE,Management,87,125,Medium,2022-08-29,2026-04-15,False,
CS2023390,Sara Mehta,sara.mehta15@gmail.com,+919267322679,18,Female,58.44,2,68.34,CSE,Management,29,50,Low,2023-07-18,2026-04-04,False,
ME2024391,Tejaswini Reddy,tejaswini.reddy58@gmail.com,+918261910467,17,Female,45.11,1,74.17,ME,Lateral Entry,11,25,Medium,2024-08-18,2026-04-05,False,
ME2024392,Vidya Yadav,vidya.yadav76@gmail.com,+919567126792,18,Female,69.52,1,79.94,ME,Merit,14,25,Medium,2024-08-18,2026-03-28,False,
EC2022393,Reyansh Das,reyansh.das29@gmail.com,+919363818936,19,Male,74.13,4,77.87,ECE,Merit,74,100,Medium,2022-08-03,2026-04-09,False,
EC2023394,Jyothi Kumar,jyothi.kumar85@gmail.com,+919306442768,18,Female,57.38,2,81.05,ECE,Merit,28,50,Medium,2023-08-13,2026-03-25,False,
IS2021395,Sachin Deshmukh,sachin.deshmukh83@gmail.com,+918291688156,20,Male,57.03,6,63.49,ISE,Merit,75,150,Low,2021-08-09,2026-03-28,False,
AI2024396,Vivaan Singh,vivaan.singh52@gmail.com,+918783767978,18,Male,53.33,1,76.54,AIML,Merit,12,25,High,2024-07-04,2026-04-06,False,
EE2023397,Nandini Gupta,nandini.gupta92@gmail.com,+918934398641,18,Female,45.37,3,85.61,EEE,Merit,33,75,Medium,2023-07-19,2026-04-13,False,
CS2023398,Hemanth Das,hemanth.das11@gmail.com,+917146894926,18,Male,61.56,3,72.49,CSE,Lateral Entry,40,75,Medium,2023-07-02,2026-03-21,False,
EC2024399,Kavya Rastogi,kavya.rastogi9@gmail.com,+917208381517,19,Female,51.44,1,78.06,ECE,Merit,13,25,Medium,2024-07-03,2026-04-12,False,
CS2022400,Sara Kulkarni,sara.kulkarni82@gmail.com,+919464166144,19,Female,37.86,5,62.69,CSE,Management,45,125,Medium,2022-08-29,2026-03-29,False,
ME2023401,Pavan Saxena,pavan.saxena42@gmail.com,+919885792715,18,Male,63.62,2,74.43,ME,Management,28,50,Medium,2023-08-27,2026-04-01,False,
EC2024402,Rahul Rastogi,rahul.rastogi38@gmail.com,+919889716182,18,Male,58.11,1,69.96,ECE,Merit,14,25,Low,2024-08-07,2026-03-29,False,
EC2022403,Deepak Bhat,deepak.bhat56@gmail.com,+919485514128,21,Male,60.76,4,78.89,ECE,Merit,55,100,High,2022-08-22,2026-04-02,False,
EE2022404,Reyansh Mishra,reyansh.mishra84@gmail.com,+919300477332,19,Male,37.82,4,65.46,EEE,Merit,33,100,Low,2022-07-17,2026-04-01,False,
AD2021405,Bharath Saxena,bharath.saxena28@gmail.com,+919457031287,21,Male,53.9,6,57.14,AIDS,Management,72,150,High,2021-08-21,2026-03-24,False,
AD2022406,Karthik Das,karthik.das53@gmail.com,+917936884817,21,Male,59.72,5,62.21,AIDS,Management,74,125,Low,2022-07-03,2026-03-26,False,
AD2021407,Virat Bose,virat.bose54@gmail.com,+918277314659,20,Male,60.7,7,66.38,AIDS,Lateral Entry,106,175,Medium,2021-07-25,2026-04-02,False,
CV2022408,Ramesh Gupta,ramesh.gupta55@gmail.com,+918559486043,19,Male,53.57,5,73.14,CE,Management,59,125,Medium,2022-07-26,2026-04-18,False,
AD2023409,Darsh Shetty,darsh.shetty20@gmail.com,+918726110361,18,Male,86.67,3,77.41,AIDS,Lateral Entry,64,75,Medium,2023-07-28,2026-03-29,False,
AD2024410,Abhishek Naik,abhishek.naik12@gmail.com,+917459320780,17,Male,56.19,1,68.82,AIDS,Management,13,25,High,2024-07-02,2026-04-11,False,
EC2023411,Pari Rao,pari.rao13@gmail.com,+918737650428,18,Female,60.31,3,66.18,ECE,Management,45,75,Medium,2023-08-20,2026-03-29,False,
EC2022412,Tarun Yadav,tarun.yadav72@gmail.com,+917613891482,19,Male,39.05,4,59.65,ECE,Lateral Entry,36,100,Low,2022-08-22,2026-03-27,False,
EC2022413,Vihaan Shukla,vihaan.shukla72@gmail.com,+919177640857,20,Male,64.93,5,76.72,ECE,Merit,80,125,Medium,2022-07-14,2026-03-27,False,
ME2023414,Shruti Mishra,shruti.mishra46@gmail.com,+918407698185,20,Female,86.82,2,73.29,ME,Management,42,50,Low,2023-08-11,2026-04-17,False,
EE2021415,Manasa Shah,manasa.shah7@gmail.com,+919841327489,20,Female,64.32,7,70.4,EEE,Merit,109,175,Medium,2021-07-02,2026-04-10,False,
EE2023416,Aarush Rastogi,aarush.rastogi46@gmail.com,+918371217108,19,Male,57.7,2,48.54,EEE,Management,29,50,Low,2023-07-21,2026-03-28,False,
AI2024417,Reyansh Tiwari,reyansh.tiwari28@gmail.com,+919110186886,18,Male,73.14,1,78.24,AIML,Merit,16,25,Medium,2024-07-06,2026-03-24,False,
CS2021418,Ishaan Naik,ishaan.naik14@gmail.com,+917474808468,20,Male,33.55,6,57.88,CSE,Management,43,150,Medium,2021-08-01,2026-03-30,False,
ME2024419,Neha Saxena,neha.saxena15@gmail.com,+918180518323,17,Female,84.13,1,86.56,ME,Merit,18,25,High,2024-08-03,2026-04-14,False,
ME2021420,Girish Kulkarni,girish.kulkarni29@gmail.com,+919454019949,21,Male,60.13,7,71.72,ME,Merit,105,175,Medium,2021-08-27,2026-04-17,False,
EE2022421,Prasad Shah,prasad.shah99@gmail.com,+919251207747,20,Male,80.95,4,69.58,EEE,Management,73,100,Medium,2022-07-24,2026-04-07,False,
AI2024422,Venkat Malhotra,venkat.malhotra87@gmail.com,+919574005508,17,Male,70.19,1,70.45,AIML,Merit,16,25,Low,2024-07-11,2026-04-17,False,
CV2022423,Lakshmi Saxena,lakshmi.saxena78@gmail.com,+917442373633,20,Female,55.26,4,78.32,CE,Merit,53,100,Medium,2022-08-01,2026-04-10,False,
AI2022424,Jagdish Kulkarni,jagdish.kulkarni24@gmail.com,+917630451276,19,Male,71.16,4,83.31,AIML,Merit,64,100,Medium,2022-07-06,2026-03-29,False,
AI2023425,Ritvik Deshmukh,ritvik.deshmukh45@gmail.com,+918427148764,18,Male,70.52,2,69.77,AIML,Merit,35,50,Low,2023-07-16,2026-04-11,False,
ME2023426,Saanvi Pillai,saanvi.pillai73@gmail.com,+917386282084,19,Female,64.32,2,73.05,ME,Merit,29,50,Low,2023-07-05,2026-04-16,False,
ME2023427,Manasa Bansal,manasa.bansal19@gmail.com,+917370852665,18,Female,44.5,2,83.49,ME,Merit,21,50,High,2023-08-12,2026-04-09,False,
EC2021428,Tejaswini Patel,tejaswini.patel96@gmail.com,+917240726578,21,Female,89.21,6,87.81,ECE,Merit,139,150,High,2021-08-05,2026-04-17,False,
CS2022429,Deepika Menon,deepika.menon54@gmail.com,+918949055650,20,Female,56.44,5,74.56,CSE,Management,68,125,Medium,2022-07-15,2026-04-01,False,
EC2020430,Deepak Pandey,deepak.pandey48@gmail.com,+917612622080,22,Male,98.0,8,81.68,ECE,Merit,167,200,Medium,2020-07-23,2026-04-13,False,
CV2022431,Kian Chauhan,kian.chauhan77@gmail.com,+919127543766,19,Male,89.94,5,79.76,CE,Merit,102,125,Medium,2022-08-24,2026-04-17,False,
IS2022432,Pari Singh,pari.singh21@gmail.com,+917591199374,19,Female,77.16,5,82.1,ISE,Merit,95,125,High,2022-08-26,2026-04-01,False,
ME2023433,Uma Malhotra,uma.malhotra87@gmail.com,+917817965111,19,Female,54.47,3,76.83,ME,Management,38,75,High,2023-08-06,2026-04-01,False,
CS2023434,Pari Kulkarni,pari.kulkarni85@gmail.com,+918156650147,18,Female,74.65,2,78.84,CSE,Merit,37,50,Medium,2023-08-01,2026-04-09,False,
ME2024435,Karthik Kamath,karthik.kamath57@gmail.com,+919120395529,18,Male,63.34,1,70.95,ME,Management,14,25,High,2024-07-21,2026-03-20,False,
CS2024436,Suresh Kulkarni,suresh.kulkarni97@gmail.com,+917806128691,17,Male,60.75,1,71.43,CSE,Management,14,25,Medium,2024-08-27,2026-04-15,False,
AI2022437,Nikhil Mishra,nikhil.mishra56@gmail.com,+918468578489,19,Male,65.63,4,82.65,AIML,Merit,61,100,High,2022-07-28,2026-03-25,False,
AD2023438,Ayaan Patil,ayaan.patil87@gmail.com,+919416305426,20,Male,54.22,3,85.06,AIDS,Merit,38,75,High,2023-08-07,2026-04-06,False,
CS2024439,Pavan Kamath,pavan.kamath86@gmail.com,+919328577236,18,Male,67.07,1,70.76,CSE,Merit,17,25,Medium,2024-07-02,2026-03-21,False,
CS2022440,Priya Kumar,priya.kumar51@gmail.com,+917926229050,21,Female,88.14,5,65.97,CSE,Management,110,125,Low,2022-07-18,2026-04-12,False,
AI2022441,Ganesh Singh,ganesh.singh27@gmail.com,+917516520615,19,Male,59.08,4,78.12,AIML,Merit,51,100,High,2022-08-11,2026-04-01,False,
IS2022442,Priya Menon,priya.menon98@gmail.com,+917388583370,19,Female,61.25,5,76.3,ISE,Merit,72,125,Medium,2022-08-14,2026-03-31,False,
EE2023443,Divya Patil,divya.patil16@gmail.com,+918146597166,18,Female,34.15,2,71.08,EEE,Merit,17,50,Low,2023-07-18,2026-03-22,False,
IS2021444,Saanvi Kamath,saanvi.kamath56@gmail.com,+919456936501,20,Female,61.4,7,63.77,ISE,Lateral Entry,99,175,Medium,2021-07-08,2026-04-05,False,
ME2020445,Kiara Joshi,kiara.joshi69@gmail.com,+918916572573,22,Female,53.48,8,65.21,ME,Lateral Entry,93,200,High,2020-07-04,2026-03-27,False,
CS2024446,Rashmi Hegde,rashmi.hegde72@gmail.com,+919952638313,17,Female,69.52,1,82.4,CSE,Merit,17,25,Low,2024-08-13,2026-03-20,False,
CS2023447,Manasa Dubey,manasa.dubey51@gmail.com,+917529266930,20,Female,60.24,2,59.75,CSE,Management,30,50,Low,2023-07-15,2026-04-07,False,
EC2021448,Anand Kumar,anand.kumar3@gmail.com,+918906705666,20,Male,58.65,7,71.96,ECE,Merit,91,175,High,2021-07-02,2026-03-26,False,
EC2023449,Deepak Reddy,deepak.reddy74@gmail.com,+918144359378,18,Male,54.3,2,77.29,ECE,Merit,27,50,Medium,2023-08-04,2026-03-23,False,
EC2023450,Nandini Tiwari,nandini.tiwari91@gmail.com,+918176418103,20,Female,35.38,2,69.8,ECE,Management,15,50,Medium,2023-07-02,2026-04-10,False,
CS2023451,Naveen Mehta,naveen.mehta15@gmail.com,+918599216378,19,Male,42.41,3,56.42,CSE,Management,31,75,Medium,2023-08-08,2026-04-12,False,
CV2024452,Vikram Patel,vikram.patel22@gmail.com,+918809092471,18,Male,64.07,1,71.07,CE,Merit,15,25,Medium,2024-08-11,2026-04-09,False,
ME2023453,Jyothi Bose,jyothi.bose47@gmail.com,+919299479276,18,Female,60.1,3,71.78,ME,Merit,42,75,Low,2023-08-08,2026-04-12,False,
EC2021454,Pari Shah,pari.shah32@gmail.com,+917620147693,21,Female,48.9,7,77.45,ECE,Management,73,175,High,2021-08-18,2026-04-14,False,
CS2023455,Nandini Shukla,nandini.shukla68@gmail.com,+918696841637,19,Female,60.49,3,77.56,CSE,Merit,42,75,High,2023-07-23,2026-04-01,False,
ME2024456,Sai Bansal,sai.bansal96@gmail.com,+918203922177,17,Male,59.67,1,71.76,ME,Management,15,25,Medium,2024-07-27,2026-03-21,False,
EC2022457,Virat Hegde,virat.hegde22@gmail.com,+918682661545,19,Male,43.75,5,60.49,ECE,Lateral Entry,55,125,Low,2022-07-31,2026-04-03,False,
CV2020458,Arjun Bhat,arjun.bhat15@gmail.com,+919490678706,23,Male,81.96,8,80.01,CE,Merit,166,200,Medium,2020-08-15,2026-04-13,False,
IS2024459,Sachin Bhat,sachin.bhat45@gmail.com,+917161104574,17,Male,83.12,1,86.51,ISE,Merit,20,25,Medium,2024-07-02,2026-03-31,False,
CS2022460,Neha Verma,neha.verma14@gmail.com,+917859757057,19,Female,53.32,5,81.2,CSE,Merit,63,125,Medium,2022-07-06,2026-04-04,False,
EC2020461,Diya Shetty,diya.shetty23@gmail.com,+917883881916,22,Female,66.5,8,63.63,ECE,Management,130,200,Medium,2020-07-16,2026-04-18,False,
ME2021462,Ganesh Verma,ganesh.verma10@gmail.com,+919998952502,21,Male,64.36,7,80.13,ME,Merit,105,175,High,2021-07-11,2026-03-25,False,
CS2023463,Atharv Kamath,atharv.kamath97@gmail.com,+918792007282,20,Male,81.07,3,64.79,CSE,Management,59,75,Low,2023-07-09,2026-04-03,False,
EE2021464,Harsha Shukla,harsha.shukla88@gmail.com,+918613748771,21,Male,58.93,6,68.67,EEE,Merit,77,150,Low,2021-08-07,2026-04-03,False,
EC2020465,Jagdish Tiwari,jagdish.tiwari82@gmail.com,+919513805054,21,Male,70.96,8,76.64,ECE,Lateral Entry,137,200,High,2020-07-05,2026-03-21,False,
CS2022466,Jyothi Chauhan,jyothi.chauhan41@gmail.com,+919657731629,19,Female,69.29,5,80.33,CSE,Merit,76,125,Medium,2022-07-03,2026-03-21,False,
IS2023467,Ishaan Das,ishaan.das61@gmail.com,+917973069049,19,Male,68.15,2,75.47,ISE,Management,30,50,High,2023-07-17,2026-04-18,False,
ME2024468,Manoj Deshmukh,manoj.deshmukh76@gmail.com,+918815127278,18,Male,58.09,1,61.74,ME,Management,15,25,Medium,2024-07-10,2026-03-26,False,
CV2022469,Aaradhya Dubey,aaradhya.dubey10@gmail.com,+919723099086,19,Female,59.7,4,84.33,CE,Merit,61,100,Medium,2022-07-13,2026-04-16,False,
EC2023470,Priya Bose,priya.bose5@gmail.com,+918377429462,18,Female,58.47,2,69.3,ECE,Management,25,50,Medium,2023-08-10,2026-04-17,False,
ME2023471,Vihaan Yadav,vihaan.yadav10@gmail.com,+918940589987,19,Male,65.12,2,77.39,ME,Merit,28,50,Medium,2023-08-27,2026-04-03,False,
CS2024472,Chetan Rao,chetan.rao77@gmail.com,+919716022634,17,Male,61.65,1,78.62,CSE,Management,15,25,High,2024-07-21,2026-04-17,False,
CS2024473,Nikhil Agarwal,nikhil.agarwal75@gmail.com,+918982902612,18,Male,36.8,1,71.12,CSE,Merit,8,25,Medium,2024-07-14,2026-04-05,False,
CS2020474,Fathima Kumar,fathima.kumar74@gmail.com,+918308545747,21,Female,65.43,8,73.38,CSE,Merit,124,200,Low,2020-07-12,2026-03-27,False,
ME2021475,Chetan Iyer,chetan.iyer78@gmail.com,+918918179242,20,Male,56.25,6,87.9,ME,Merit,86,150,High,2021-07-29,2026-03-25,False,
EE2022476,Archana Bhat,archana.bhat8@gmail.com,+917220780956,21,Female,59.55,5,63.21,EEE,Management,72,125,Low,2022-08-07,2026-04-09,False,
IS2021477,Manoj Gupta,manoj.gupta92@gmail.com,+918338353720,21,Male,43.16,7,66.25,ISE,Merit,65,175,Low,2021-07-05,2026-04-07,False,
CS2020478,Sai Bhat,sai.bhat23@gmail.com,+919312270717,21,Male,50.61,8,59.42,CSE,Management,87,200,Low,2020-07-03,2026-04-17,False,
AI2023479,Aadhya Gowda,aadhya.gowda57@gmail.com,+919691563426,19,Female,77.15,3,68.96,AIML,Management,58,75,Low,2023-07-13,2026-04-01,False,
CV2023480,Tanvi Deshpande,tanvi.deshpande79@gmail.com,+919847168426,19,Female,67.14,3,77.02,CE,Merit,48,75,Medium,2023-07-26,2026-04-16,False,
IS2021481,Advika Yadav,advika.yadav37@gmail.com,+918509803449,22,Female,85.12,7,81.33,ISE,Lateral Entry,139,175,High,2021-08-09,2026-04-15,False,
CS2022482,Rahul Mehta,rahul.mehta87@gmail.com,+918509158122,20,Male,57.87,5,61.33,CSE,Management,71,125,Medium,2022-07-08,2026-04-04,False,
ME2020483,Indu Singh,indu.singh83@gmail.com,+919208035154,21,Female,53.45,8,58.2,ME,Management,109,200,Low,2020-07-16,2026-04-04,False,
EC2022484,Shruti Reddy,shruti.reddy13@gmail.com,+918916818281,20,Female,80.57,4,78.16,ECE,Management,68,100,High,2022-08-12,2026-04-18,False,
EC2024485,Fathima Agarwal,fathima.agarwal33@gmail.com,+918131738784,17,Female,81.98,1,82.3,ECE,Merit,21,25,Medium,2024-07-27,2026-04-01,False,
ME2022486,Sahana Rastogi,sahana.rastogi43@gmail.com,+917101461433,19,Female,56.45,5,69.35,ME,Lateral Entry,68,125,Medium,2022-08-17,2026-03-27,False,
ME2024487,Sai Shukla,sai.shukla19@gmail.com,+919880101001,18,Male,63.02,1,61.93,ME,Management,16,25,Low,2024-08-04,2026-04-17,False,
CV2024488,Hemanth Dubey,hemanth.dubey84@gmail.com,+918252059311,17,Male,40.4,1,70.72,CE,Management,10,25,Medium,2024-07-27,2026-04-18,False,
CS2023489,Sanjay Bansal,sanjay.bansal77@gmail.com,+917447526273,19,Male,84.15,3,77.13,CSE,Merit,62,75,Medium,2023-08-04,2026-03-21,False,
AI2024490,Rashmi Rao,rashmi.rao72@gmail.com,+918598702031,17,Female,45.22,1,80.1,AIML,Lateral Entry,11,25,High,2024-08-17,2026-03-25,False,
AI2022491,Rahul Pandey,rahul.pandey86@gmail.com,+917631475237,19,Male,59.07,5,69.23,AIML,Management,70,125,High,2022-07-28,2026-04-15,False,
AI2021492,Pallavi Deshpande,pallavi.deshpande83@gmail.com,+917424419659,20,Female,69.42,7,61.2,AIML,Management,110,175,Low,2021-08-04,2026-04-14,False,
EC2023493,Vishal Shah,vishal.shah47@gmail.com,+919742776237,18,Male,52.57,3,78.98,ECE,Merit,39,75,High,2023-07-02,2026-04-16,False,
AD2021494,Aanya Yadav,aanya.yadav24@gmail.com,+918757949012,21,Female,63.75,6,78.38,AIDS,Merit,95,150,Medium,2021-08-10,2026-04-13,False,
IS2022495,Pranav Pandey,pranav.pandey25@gmail.com,+918585830539,19,Male,49.51,5,56.6,ISE,Management,60,125,Low,2022-08-16,2026-03-25,False,
ME2022496,Advaith Joshi,advaith.joshi10@gmail.com,+917980283095,20,Male,85.49,5,82.96,ME,Management,92,125,High,2022-08-14,2026-04-06,False,
EC2020497,Aarush Gupta,aarush.gupta99@gmail.com,+919635866158,23,Male,64.01,8,60.54,ECE,Merit,117,200,Low,2020-08-18,2026-04-15,False,
EE2023498,Eshwari Deshpande,eshwari.deshpande85@gmail.com,+917324408529,18,Female,58.4,2,82.12,EEE,Merit,27,50,High,2023-08-18,2026-04-04,False,
EC2023499,Virat Malhotra,virat.malhotra77@gmail.com,+917566979001,18,Male,48.88,2,72.87,ECE,Management,24,50,Medium,2023-08-02,2026-04-05,False,
AI2023500,Riya Verma,riya.verma24@gmail.com,+917412555536,18,Female,97.01,3,86.79,AIML,Lateral Entry,75,75,High,2023-07-11,2026-03-29,False,
